lecturer_id,department,employment_type,years_experience,major_speciality,related_specialities,number_of_classes,trimester,week_number,teaching_hours_per_week,modules_count,total_students_enrolled,assessment_type_weight,thesis_students_count,hod_administrative_hours,active_research_projects,weekend_work_hours,grading_backlog_days,lms_activity_late_night_count,self_reported_fatigue,perceived_support_score,total_actual_weekly_hours,calculated_burnout_score,burnout_risk_category
UTB-LEC-001,BSc Travel & Tourism Management,FULL_TIME,15,Ecotourism & Sustainable Development,"Data Analysis with Python, Digital Marketing",4,2026-T1,1,15.6,3,208,2.5,6,2.0,1,2.1,2,1,3,3,50.1,63.6,HIGH
UTB-LEC-001,BSc Travel & Tourism Management,FULL_TIME,15,Ecotourism & Sustainable Development,"Data Analysis with Python, Digital Marketing",4,2026-T1,2,15.3,3,208,1.5,1,0.0,0,3.4,3,4,5,4,37.6,59.8,HIGH
UTB-LEC-001,BSc Travel & Tourism Management,FULL_TIME,15,Ecotourism & Sustainable Development,"Data Analysis with Python, Digital Marketing",4,2026-T1,3,16.0,3,208,2.0,7,0.0,2,2.9,2,3,3,5,48.4,57.9,HIGH
UTB-LEC-001,BSc Travel & Tourism Management,FULL_TIME,15,Ecotourism & Sustainable Development,"Data Analysis with Python, Digital Marketing",4,2026-T1,4,15.6,3,208,2.0,2,4.0,1,3.4,3,2,2,3,48.4,60.4,HIGH
UTB-LEC-001,BSc Travel & Tourism Management,FULL_TIME,15,Ecotourism & Sustainable Development,"Data Analysis with Python, Digital Marketing",4,2026-T1,5,17.0,3,208,1.5,3,2.0,1,8.2,4,5,10,3,51.0,93.0,CRITICAL
UTB-LEC-001,BSc Travel & Tourism Management,FULL_TIME,15,Ecotourism & Sustainable Development,"Data Analysis with Python, Digital Marketing",4,2026-T1,6,15.2,3,208,1.5,7,0.0,1,5.5,9,9,10,1,42.9,98.0,CRITICAL
UTB-LEC-001,BSc Travel & Tourism Management,FULL_TIME,15,Ecotourism & Sustainable Development,"Data Analysis with Python, Digital Marketing",4,2026-T1,7,16.8,3,208,2.0,3,0.0,0,1.7,0,4,6,3,42.8,64.1,HIGH
UTB-LEC-001,BSc Travel & Tourism Management,FULL_TIME,15,Ecotourism & Sustainable Development,"Data Analysis with Python, Digital Marketing",4,2026-T1,8,16.9,3,208,2.0,4,2.0,1,2.5,3,1,3,2,48.5,66.2,HIGH
UTB-LEC-001,BSc Travel & Tourism Management,FULL_TIME,15,Ecotourism & Sustainable Development,"Data Analysis with Python, Digital Marketing",4,2026-T1,9,16.7,3,208,2.5,6,0.0,0,2.5,1,0,5,1,48.1,70.4,HIGH
UTB-LEC-001,BSc Travel & Tourism Management,FULL_TIME,15,Ecotourism & Sustainable Development,"Data Analysis with Python, Digital Marketing",4,2026-T1,10,15.5,3,208,1.0,5,0.0,1,4.8,8,6,6,4,39.0,65.6,HIGH
UTB-LEC-001,BSc Travel & Tourism Management,FULL_TIME,15,Ecotourism & Sustainable Development,"Data Analysis with Python, Digital Marketing",4,2026-T1,11,16.5,3,208,1.5,3,0.0,0,9.0,7,9,6,1,45.0,90.3,CRITICAL
UTB-LEC-001,BSc Travel & Tourism Management,FULL_TIME,15,Ecotourism & Sustainable Development,"Data Analysis with Python, Digital Marketing",4,2026-T2,1,16.9,3,208,2.0,3,0.0,0,2.4,2,4,4,1,44.2,72.0,HIGH
UTB-LEC-001,BSc Travel & Tourism Management,FULL_TIME,15,Ecotourism & Sustainable Development,"Data Analysis with Python, Digital Marketing",4,2026-T2,2,15.7,3,208,1.5,2,8.0,1,2.5,0,1,6,5,48.9,64.2,HIGH
UTB-LEC-001,BSc Travel & Tourism Management,FULL_TIME,15,Ecotourism & Sustainable Development,"Data Analysis with Python, Digital Marketing",4,2026-T2,3,16.9,3,208,2.5,8,0.0,0,3.2,3,2,5,2,50.0,72.4,HIGH
UTB-LEC-001,BSc Travel & Tourism Management,FULL_TIME,15,Ecotourism & Sustainable Development,"Data Analysis with Python, Digital Marketing",4,2026-T2,4,15.7,3,208,2.0,5,0.0,2,2.7,0,1,3,4,47.4,53.8,MODERATE
UTB-LEC-001,BSc Travel & Tourism Management,FULL_TIME,15,Ecotourism & Sustainable Development,"Data Analysis with Python, Digital Marketing",4,2026-T2,5,16.6,3,208,2.5,4,0.0,0,5.5,6,5,10,1,50.4,96.2,CRITICAL
UTB-LEC-001,BSc Travel & Tourism Management,FULL_TIME,15,Ecotourism & Sustainable Development,"Data Analysis with Python, Digital Marketing",4,2026-T2,6,15.8,3,208,1.0,6,2.0,1,4.5,11,6,9,1,44.9,95.8,CRITICAL
UTB-LEC-001,BSc Travel & Tourism Management,FULL_TIME,15,Ecotourism & Sustainable Development,"Data Analysis with Python, Digital Marketing",4,2026-T2,7,16.9,3,208,2.0,3,0.0,0,3.5,1,3,6,5,45.7,61.1,HIGH
UTB-LEC-001,BSc Travel & Tourism Management,FULL_TIME,15,Ecotourism & Sustainable Development,"Data Analysis with Python, Digital Marketing",4,2026-T2,8,16.9,3,208,2.5,5,0.0,0,1.5,3,3,4,2,47.5,71.4,HIGH
UTB-LEC-001,BSc Travel & Tourism Management,FULL_TIME,15,Ecotourism & Sustainable Development,"Data Analysis with Python, Digital Marketing",4,2026-T2,9,16.7,3,208,2.0,5,8.0,0,1.0,2,4,2,5,50.4,58.8,HIGH
UTB-LEC-001,BSc Travel & Tourism Management,FULL_TIME,15,Ecotourism & Sustainable Development,"Data Analysis with Python, Digital Marketing",4,2026-T2,10,16.4,3,208,1.0,3,0.0,2,8.2,11,4,6,4,45.8,73.8,HIGH
UTB-LEC-001,BSc Travel & Tourism Management,FULL_TIME,15,Ecotourism & Sustainable Development,"Data Analysis with Python, Digital Marketing",4,2026-T2,11,15.4,3,208,2.0,5,4.0,1,5.4,10,5,9,5,50.8,86.3,CRITICAL
UTB-LEC-002,Bachelor of Business Management,FULL_TIME,7,Strategic Human Resource Management,"Research Methodology, Public Speaking & Pedagogy",3,2026-T1,1,11.4,2,93,2.0,8,0.0,0,0.7,2,4,2,5,28.5,38.6,MODERATE
UTB-LEC-002,Bachelor of Business Management,FULL_TIME,7,Strategic Human Resource Management,"Research Methodology, Public Speaking & Pedagogy",3,2026-T1,2,12.8,2,93,2.5,3,2.0,1,1.0,1,2,2,4,30.4,39.1,MODERATE
UTB-LEC-002,Bachelor of Business Management,FULL_TIME,7,Strategic Human Resource Management,"Research Methodology, Public Speaking & Pedagogy",3,2026-T1,3,12.9,2,93,1.5,2,2.0,1,2.2,0,3,4,2,32.3,53.8,MODERATE
UTB-LEC-002,Bachelor of Business Management,FULL_TIME,7,Strategic Human Resource Management,"Research Methodology, Public Speaking & Pedagogy",3,2026-T1,4,12.5,2,93,2.0,7,8.0,0,0.4,2,2,3,4,35.9,50.4,MODERATE
UTB-LEC-002,Bachelor of Business Management,FULL_TIME,7,Strategic Human Resource Management,"Research Methodology, Public Speaking & Pedagogy",3,2026-T1,5,11.7,2,93,1.5,2,0.0,2,4.8,5,10,8,3,33.1,76.3,CRITICAL
UTB-LEC-002,Bachelor of Business Management,FULL_TIME,7,Strategic Human Resource Management,"Research Methodology, Public Speaking & Pedagogy",3,2026-T1,6,12.4,2,93,1.5,1,0.0,0,6.1,7,8,7,2,29.5,70.0,HIGH
UTB-LEC-002,Bachelor of Business Management,FULL_TIME,7,Strategic Human Resource Management,"Research Methodology, Public Speaking & Pedagogy",3,2026-T1,7,11.4,2,93,1.5,0,4.0,0,3.7,1,2,6,3,29.6,51.4,MODERATE
UTB-LEC-002,Bachelor of Business Management,FULL_TIME,7,Strategic Human Resource Management,"Research Methodology, Public Speaking & Pedagogy",3,2026-T1,8,12.0,2,93,1.5,2,2.0,2,1.5,1,3,3,3,30.9,47.6,MODERATE
UTB-LEC-002,Bachelor of Business Management,FULL_TIME,7,Strategic Human Resource Management,"Research Methodology, Public Speaking & Pedagogy",3,2026-T1,9,12.1,2,93,1.5,1,0.0,0,2.9,2,0,5,4,26.4,39.3,MODERATE
UTB-LEC-002,Bachelor of Business Management,FULL_TIME,7,Strategic Human Resource Management,"Research Methodology, Public Speaking & Pedagogy",3,2026-T1,10,12.2,2,93,1.5,4,0.0,0,6.9,11,8,9,2,31.2,83.6,CRITICAL
UTB-LEC-002,Bachelor of Business Management,FULL_TIME,7,Strategic Human Resource Management,"Research Methodology, Public Speaking & Pedagogy",3,2026-T1,11,12.2,2,93,1.5,2,0.0,0,4.0,11,4,10,1,28.9,78.5,CRITICAL
UTB-LEC-002,Bachelor of Business Management,FULL_TIME,7,Strategic Human Resource Management,"Research Methodology, Public Speaking & Pedagogy",3,2026-T2,1,12.1,2,93,2.5,6,0.0,0,2.3,2,1,4,4,30.7,45.7,MODERATE
UTB-LEC-002,Bachelor of Business Management,FULL_TIME,7,Strategic Human Resource Management,"Research Methodology, Public Speaking & Pedagogy",3,2026-T2,2,12.7,2,93,1.5,5,0.0,1,3.1,0,1,6,2,33.1,55.5,HIGH
UTB-LEC-002,Bachelor of Business Management,FULL_TIME,7,Strategic Human Resource Management,"Research Methodology, Public Speaking & Pedagogy",3,2026-T2,3,11.8,2,93,2.0,7,0.0,1,2.4,0,0,4,4,32.1,42.8,MODERATE
UTB-LEC-002,Bachelor of Business Management,FULL_TIME,7,Strategic Human Resource Management,"Research Methodology, Public Speaking & Pedagogy",3,2026-T2,4,12.8,2,93,1.5,5,0.0,1,0.7,1,2,6,3,30.6,57.9,HIGH
UTB-LEC-002,Bachelor of Business Management,FULL_TIME,7,Strategic Human Resource Management,"Research Methodology, Public Speaking & Pedagogy",3,2026-T2,5,12.1,2,93,1.5,6,0.0,1,6.3,3,4,7,5,36.6,59.6,HIGH
UTB-LEC-002,Bachelor of Business Management,FULL_TIME,7,Strategic Human Resource Management,"Research Methodology, Public Speaking & Pedagogy",3,2026-T2,6,12.4,2,93,2.5,2,2.0,2,8.2,11,4,8,1,42.1,85.0,CRITICAL
UTB-LEC-002,Bachelor of Business Management,FULL_TIME,7,Strategic Human Resource Management,"Research Methodology, Public Speaking & Pedagogy",3,2026-T2,7,12.0,2,93,1.5,6,0.0,0,2.2,3,4,6,2,27.4,57.1,HIGH
UTB-LEC-002,Bachelor of Business Management,FULL_TIME,7,Strategic Human Resource Management,"Research Methodology, Public Speaking & Pedagogy",3,2026-T2,8,12.1,2,93,1.5,1,4.0,2,3.6,2,3,3,4,35.1,51.4,MODERATE
UTB-LEC-002,Bachelor of Business Management,FULL_TIME,7,Strategic Human Resource Management,"Research Methodology, Public Speaking & Pedagogy",3,2026-T2,9,11.4,2,93,1.0,3,8.0,2,3.7,1,0,2,3,36.5,48.4,MODERATE
UTB-LEC-002,Bachelor of Business Management,FULL_TIME,7,Strategic Human Resource Management,"Research Methodology, Public Speaking & Pedagogy",3,2026-T2,10,11.4,2,93,1.5,4,0.0,2,4.0,6,4,6,3,32.8,59.6,HIGH
UTB-LEC-002,Bachelor of Business Management,FULL_TIME,7,Strategic Human Resource Management,"Research Methodology, Public Speaking & Pedagogy",3,2026-T2,11,11.6,2,93,1.0,1,2.0,0,8.7,3,4,8,4,34.8,60.6,HIGH
UTB-LEC-003,BSc Information Technology,FULL_TIME,11,Cloud Computing & DevOps,"Financial Modeling, Project Management (PMP)",4,2026-T1,1,17.6,4,144,1.0,6,2.0,1,0.8,2,2,4,4,39.8,47.0,MODERATE
UTB-LEC-003,BSc Information Technology,FULL_TIME,11,Cloud Computing & DevOps,"Financial Modeling, Project Management (PMP)",4,2026-T1,2,18.0,4,144,1.0,4,0.0,1,0.3,3,4,4,5,38.6,49.3,MODERATE
UTB-LEC-003,BSc Information Technology,FULL_TIME,11,Cloud Computing & DevOps,"Financial Modeling, Project Management (PMP)",4,2026-T1,3,17.0,4,144,1.0,4,0.0,1,2.4,2,4,2,3,37.5,51.0,MODERATE
UTB-LEC-003,BSc Information Technology,FULL_TIME,11,Cloud Computing & DevOps,"Financial Modeling, Project Management (PMP)",4,2026-T1,4,17.1,4,144,1.0,6,4.0,0,0.8,1,0,4,4,39.0,51.6,MODERATE
UTB-LEC-003,BSc Information Technology,FULL_TIME,11,Cloud Computing & DevOps,"Financial Modeling, Project Management (PMP)",4,2026-T1,5,18.0,4,144,1.5,6,0.0,0,5.3,7,7,7,2,42.2,83.7,CRITICAL
UTB-LEC-003,BSc Information Technology,FULL_TIME,11,Cloud Computing & DevOps,"Financial Modeling, Project Management (PMP)",4,2026-T1,6,16.7,4,144,2.0,6,0.0,0,7.2,6,5,10,4,45.8,84.9,CRITICAL
UTB-LEC-003,BSc Information Technology,FULL_TIME,11,Cloud Computing & DevOps,"Financial Modeling, Project Management (PMP)",4,2026-T1,7,17.6,4,144,2.0,5,0.0,1,3.7,2,1,3,5,43.5,48.5,MODERATE
UTB-LEC-003,BSc Information Technology,FULL_TIME,11,Cloud Computing & DevOps,"Financial Modeling, Project Management (PMP)",4,2026-T1,8,17.2,4,144,2.0,3,4.0,2,3.8,2,2,6,3,47.7,71.7,HIGH
UTB-LEC-003,BSc Information Technology,FULL_TIME,11,Cloud Computing & DevOps,"Financial Modeling, Project Management (PMP)",4,2026-T1,9,18.0,4,144,1.0,6,0.0,0,1.7,0,0,6,4,38.4,55.4,HIGH
UTB-LEC-003,BSc Information Technology,FULL_TIME,11,Cloud Computing & DevOps,"Financial Modeling, Project Management (PMP)",4,2026-T1,10,17.5,4,144,1.0,7,2.0,0,8.4,10,6,10,1,46.5,95.6,CRITICAL
UTB-LEC-003,BSc Information Technology,FULL_TIME,11,Cloud Computing & DevOps,"Financial Modeling, Project Management (PMP)",4,2026-T1,11,18.3,4,144,1.0,3,0.0,1,5.8,7,10,7,1,41.6,92.3,CRITICAL
UTB-LEC-003,BSc Information Technology,FULL_TIME,11,Cloud Computing & DevOps,"Financial Modeling, Project Management (PMP)",4,2026-T2,1,17.6,4,144,1.5,2,0.0,1,2.1,2,4,3,1,39.8,67.7,HIGH
UTB-LEC-003,BSc Information Technology,FULL_TIME,11,Cloud Computing & DevOps,"Financial Modeling, Project Management (PMP)",4,2026-T2,2,17.3,4,144,2.0,8,2.0,2,3.5,1,2,4,1,49.3,74.5,HIGH
UTB-LEC-003,BSc Information Technology,FULL_TIME,11,Cloud Computing & DevOps,"Financial Modeling, Project Management (PMP)",4,2026-T2,3,17.3,4,144,2.0,2,0.0,2,0.4,1,0,3,1,41.5,57.2,HIGH
UTB-LEC-003,BSc Information Technology,FULL_TIME,11,Cloud Computing & DevOps,"Financial Modeling, Project Management (PMP)",4,2026-T2,4,16.7,4,144,2.5,5,12.0,0,1.0,0,4,5,4,52.6,70.8,HIGH
UTB-LEC-003,BSc Information Technology,FULL_TIME,11,Cloud Computing & DevOps,"Financial Modeling, Project Management (PMP)",4,2026-T2,5,18.1,4,144,1.0,7,0.0,1,5.3,4,4,6,2,43.3,74.6,HIGH
UTB-LEC-003,BSc Information Technology,FULL_TIME,11,Cloud Computing & DevOps,"Financial Modeling, Project Management (PMP)",4,2026-T2,6,18.1,4,144,1.5,5,0.0,2,7.2,10,8,6,2,49.7,92.6,CRITICAL
UTB-LEC-003,BSc Information Technology,FULL_TIME,11,Cloud Computing & DevOps,"Financial Modeling, Project Management (PMP)",4,2026-T2,7,17.5,4,144,1.0,3,2.0,0,1.5,3,3,4,1,38.3,64.9,HIGH
UTB-LEC-003,BSc Information Technology,FULL_TIME,11,Cloud Computing & DevOps,"Financial Modeling, Project Management (PMP)",4,2026-T2,8,17.6,4,144,2.0,11,4.0,2,3.5,3,2,2,3,53.2,66.4,HIGH
UTB-LEC-003,BSc Information Technology,FULL_TIME,11,Cloud Computing & DevOps,"Financial Modeling, Project Management (PMP)",4,2026-T2,9,18.3,4,144,1.0,5,0.0,1,2.0,1,4,3,3,40.3,60.6,HIGH
UTB-LEC-003,BSc Information Technology,FULL_TIME,11,Cloud Computing & DevOps,"Financial Modeling, Project Management (PMP)",4,2026-T2,10,18.4,4,144,1.5,2,2.0,0,8.7,7,8,9,2,46.9,93.1,CRITICAL
UTB-LEC-003,BSc Information Technology,FULL_TIME,11,Cloud Computing & DevOps,"Financial Modeling, Project Management (PMP)",4,2026-T2,11,16.6,4,144,2.0,3,4.0,0,4.8,6,6,10,2,45.4,88.2,CRITICAL
UTB-LEC-004,BSc Computer Engineering,PART_TIME,4,Distributed Systems & Parallel Computing,"GIS & Spatial Mapping, Data Analysis with Python",2,2026-T1,1,9.6,2,84,1.5,1,0.0,0,1.2,0,4,3,3,21.5,39.5,MODERATE
UTB-LEC-004,BSc Computer Engineering,PART_TIME,4,Distributed Systems & Parallel Computing,"GIS & Spatial Mapping, Data Analysis with Python",2,2026-T1,2,8.7,2,84,2.0,0,0.0,0,1.1,1,2,4,2,18.9,43.9,MODERATE
UTB-LEC-004,BSc Computer Engineering,PART_TIME,4,Distributed Systems & Parallel Computing,"GIS & Spatial Mapping, Data Analysis with Python",2,2026-T1,3,9.6,2,84,1.5,0,0.0,0,0.7,3,3,2,3,20.4,38.3,MODERATE
UTB-LEC-004,BSc Computer Engineering,PART_TIME,4,Distributed Systems & Parallel Computing,"GIS & Spatial Mapping, Data Analysis with Python",2,2026-T1,4,9.1,2,84,1.0,2,0.0,0,3.9,0,3,5,4,22.4,37.8,MODERATE
UTB-LEC-004,BSc Computer Engineering,PART_TIME,4,Distributed Systems & Parallel Computing,"GIS & Spatial Mapping, Data Analysis with Python",2,2026-T1,5,8.3,2,84,1.0,1,0.0,0,6.0,8,9,7,5,22.1,56.9,HIGH
UTB-LEC-004,BSc Computer Engineering,PART_TIME,4,Distributed Systems & Parallel Computing,"GIS & Spatial Mapping, Data Analysis with Python",2,2026-T1,6,8.8,2,84,2.0,0,0.0,0,9.7,11,4,6,1,28.9,67.5,HIGH
UTB-LEC-004,BSc Computer Engineering,PART_TIME,4,Distributed Systems & Parallel Computing,"GIS & Spatial Mapping, Data Analysis with Python",2,2026-T1,7,9.1,2,84,2.0,2,0.0,2,1.3,1,1,3,2,24.9,41.7,MODERATE
UTB-LEC-004,BSc Computer Engineering,PART_TIME,4,Distributed Systems & Parallel Computing,"GIS & Spatial Mapping, Data Analysis with Python",2,2026-T1,8,9.0,2,84,2.0,0,0.0,1,0.2,1,1,5,3,21.9,43.3,MODERATE
UTB-LEC-004,BSc Computer Engineering,PART_TIME,4,Distributed Systems & Parallel Computing,"GIS & Spatial Mapping, Data Analysis with Python",2,2026-T1,9,9.1,2,84,2.0,2,0.0,0,3.7,0,1,3,3,24.5,39.8,MODERATE
UTB-LEC-004,BSc Computer Engineering,PART_TIME,4,Distributed Systems & Parallel Computing,"GIS & Spatial Mapping, Data Analysis with Python",2,2026-T1,10,9.5,2,84,1.5,1,0.0,1,7.2,5,10,7,4,27.6,64.4,HIGH
UTB-LEC-004,BSc Computer Engineering,PART_TIME,4,Distributed Systems & Parallel Computing,"GIS & Spatial Mapping, Data Analysis with Python",2,2026-T1,11,9.5,2,84,2.0,1,0.0,1,7.3,5,7,7,3,28.9,66.5,HIGH
UTB-LEC-004,BSc Computer Engineering,PART_TIME,4,Distributed Systems & Parallel Computing,"GIS & Spatial Mapping, Data Analysis with Python",2,2026-T2,1,9.2,2,84,1.0,3,0.0,0,3.4,2,0,2,4,22.2,33.3,LOW
UTB-LEC-004,BSc Computer Engineering,PART_TIME,4,Distributed Systems & Parallel Computing,"GIS & Spatial Mapping, Data Analysis with Python",2,2026-T2,2,9.0,2,84,1.5,3,0.0,0,0.1,0,3,3,3,18.9,33.1,LOW
UTB-LEC-004,BSc Computer Engineering,PART_TIME,4,Distributed Systems & Parallel Computing,"GIS & Spatial Mapping, Data Analysis with Python",2,2026-T2,3,8.7,2,84,1.5,1,0.0,0,0.5,0,0,5,2,19.0,39.3,MODERATE
UTB-LEC-004,BSc Computer Engineering,PART_TIME,4,Distributed Systems & Parallel Computing,"GIS & Spatial Mapping, Data Analysis with Python",2,2026-T2,4,8.9,2,84,1.5,1,0.0,1,1.8,3,4,2,1,21.0,47.9,MODERATE
UTB-LEC-004,BSc Computer Engineering,PART_TIME,4,Distributed Systems & Parallel Computing,"GIS & Spatial Mapping, Data Analysis with Python",2,2026-T2,5,9.4,2,84,1.0,0,0.0,0,5.4,9,10,7,2,25.0,71.8,HIGH
UTB-LEC-004,BSc Computer Engineering,PART_TIME,4,Distributed Systems & Parallel Computing,"GIS & Spatial Mapping, Data Analysis with Python",2,2026-T2,6,8.2,2,84,1.5,0,0.0,0,9.7,10,6,6,1,24.9,70.8,HIGH
UTB-LEC-004,BSc Computer Engineering,PART_TIME,4,Distributed Systems & Parallel Computing,"GIS & Spatial Mapping, Data Analysis with Python",2,2026-T2,7,9.0,2,84,2.0,1,0.0,2,1.8,3,3,5,1,26.4,56.9,HIGH
UTB-LEC-004,BSc Computer Engineering,PART_TIME,4,Distributed Systems & Parallel Computing,"GIS & Spatial Mapping, Data Analysis with Python",2,2026-T2,8,8.0,2,84,1.0,0,0.0,1,3.7,1,4,6,4,21.1,45.6,MODERATE
UTB-LEC-004,BSc Computer Engineering,PART_TIME,4,Distributed Systems & Parallel Computing,"GIS & Spatial Mapping, Data Analysis with Python",2,2026-T2,9,9.6,2,84,1.5,1,0.0,0,2.0,2,2,5,4,20.7,40.8,MODERATE
UTB-LEC-004,BSc Computer Engineering,PART_TIME,4,Distributed Systems & Parallel Computing,"GIS & Spatial Mapping, Data Analysis with Python",2,2026-T2,10,9.2,2,84,2.5,1,0.0,1,8.0,3,10,10,2,31.5,81.5,CRITICAL
UTB-LEC-004,BSc Computer Engineering,PART_TIME,4,Distributed Systems & Parallel Computing,"GIS & Spatial Mapping, Data Analysis with Python",2,2026-T2,11,8.4,2,84,2.0,2,0.0,1,4.2,10,4,6,5,26.5,57.4,HIGH
UTB-LEC-005,BSc Transport & Logistics Mgmt,FULL_TIME,2,Supply Chain Risk & Resilience,"Project Management (PMP), Research Methodology",5,2026-T1,1,18.9,3,175,2.0,3,8.0,0,3.1,0,4,6,2,54.1,81.3,CRITICAL
UTB-LEC-005,BSc Transport & Logistics Mgmt,FULL_TIME,2,Supply Chain Risk & Resilience,"Project Management (PMP), Research Methodology",5,2026-T1,2,19.1,3,175,2.0,4,0.0,0,1.3,3,0,2,4,44.4,50.4,MODERATE
UTB-LEC-005,BSc Transport & Logistics Mgmt,FULL_TIME,2,Supply Chain Risk & Resilience,"Project Management (PMP), Research Methodology",5,2026-T1,3,18.6,3,175,2.0,5,0.0,0,1.5,1,0,3,4,45.6,54.1,MODERATE
UTB-LEC-005,BSc Transport & Logistics Mgmt,FULL_TIME,2,Supply Chain Risk & Resilience,"Project Management (PMP), Research Methodology",5,2026-T1,4,19.9,3,175,2.0,0,2.0,2,0.1,2,2,4,1,47.2,73.6,HIGH
UTB-LEC-005,BSc Transport & Logistics Mgmt,FULL_TIME,2,Supply Chain Risk & Resilience,"Project Management (PMP), Research Methodology",5,2026-T1,5,18.6,3,175,1.5,3,0.0,0,5.0,5,5,9,4,43.5,80.6,CRITICAL
UTB-LEC-005,BSc Transport & Logistics Mgmt,FULL_TIME,2,Supply Chain Risk & Resilience,"Project Management (PMP), Research Methodology",5,2026-T1,6,20.2,3,175,2.0,3,8.0,0,9.2,9,10,10,1,61.9,98.0,CRITICAL
UTB-LEC-005,BSc Transport & Logistics Mgmt,FULL_TIME,2,Supply Chain Risk & Resilience,"Project Management (PMP), Research Methodology",5,2026-T1,7,18.5,3,175,1.0,6,0.0,0,3.5,1,4,2,3,41.8,57.9,HIGH
UTB-LEC-005,BSc Transport & Logistics Mgmt,FULL_TIME,2,Supply Chain Risk & Resilience,"Project Management (PMP), Research Methodology",5,2026-T1,8,19.9,3,175,2.0,4,0.0,1,1.7,1,0,6,4,48.5,61.0,HIGH
UTB-LEC-005,BSc Transport & Logistics Mgmt,FULL_TIME,2,Supply Chain Risk & Resilience,"Project Management (PMP), Research Methodology",5,2026-T1,9,18.8,3,175,2.0,5,0.0,2,4.0,0,0,4,4,51.5,63.3,HIGH
UTB-LEC-005,BSc Transport & Logistics Mgmt,FULL_TIME,2,Supply Chain Risk & Resilience,"Project Management (PMP), Research Methodology",5,2026-T1,10,18.8,3,175,1.0,4,4.0,1,9.4,10,8,8,4,52.9,88.9,CRITICAL
UTB-LEC-005,BSc Transport & Logistics Mgmt,FULL_TIME,2,Supply Chain Risk & Resilience,"Project Management (PMP), Research Methodology",5,2026-T1,11,20.0,3,175,2.0,1,0.0,0,5.9,8,7,8,3,48.7,91.8,CRITICAL
UTB-LEC-005,BSc Transport & Logistics Mgmt,FULL_TIME,2,Supply Chain Risk & Resilience,"Project Management (PMP), Research Methodology",5,2026-T2,1,18.4,3,175,1.5,4,0.0,2,0.7,3,4,2,3,42.9,58.2,HIGH
UTB-LEC-005,BSc Transport & Logistics Mgmt,FULL_TIME,2,Supply Chain Risk & Resilience,"Project Management (PMP), Research Methodology",5,2026-T2,2,20.2,3,175,2.5,3,2.0,1,3.4,3,0,6,4,53.3,67.5,HIGH
UTB-LEC-005,BSc Transport & Logistics Mgmt,FULL_TIME,2,Supply Chain Risk & Resilience,"Project Management (PMP), Research Methodology",5,2026-T2,3,19.0,3,175,1.0,6,0.0,0,2.2,2,0,4,4,40.4,54.0,MODERATE
UTB-LEC-005,BSc Transport & Logistics Mgmt,FULL_TIME,2,Supply Chain Risk & Resilience,"Project Management (PMP), Research Methodology",5,2026-T2,4,20.0,3,175,2.0,2,0.0,0,3.2,1,2,5,4,47.4,63.0,HIGH
UTB-LEC-005,BSc Transport & Logistics Mgmt,FULL_TIME,2,Supply Chain Risk & Resilience,"Project Management (PMP), Research Methodology",5,2026-T2,5,19.4,3,175,1.5,4,0.0,0,7.6,3,7,6,5,48.6,73.4,HIGH
UTB-LEC-005,BSc Transport & Logistics Mgmt,FULL_TIME,2,Supply Chain Risk & Resilience,"Project Management (PMP), Research Methodology",5,2026-T2,6,20.2,3,175,1.5,0,2.0,0,5.7,6,5,10,3,46.5,87.4,CRITICAL
UTB-LEC-005,BSc Transport & Logistics Mgmt,FULL_TIME,2,Supply Chain Risk & Resilience,"Project Management (PMP), Research Methodology",5,2026-T2,7,18.7,3,175,1.5,2,2.0,0,2.5,1,4,2,4,44.7,58.2,HIGH
UTB-LEC-005,BSc Transport & Logistics Mgmt,FULL_TIME,2,Supply Chain Risk & Resilience,"Project Management (PMP), Research Methodology",5,2026-T2,8,18.7,3,175,1.5,4,0.0,0,0.7,3,3,5,4,39.2,58.4,HIGH
UTB-LEC-005,BSc Transport & Logistics Mgmt,FULL_TIME,2,Supply Chain Risk & Resilience,"Project Management (PMP), Research Methodology",5,2026-T2,9,19.0,3,175,2.5,1,2.0,0,0.5,2,1,6,5,45.6,59.7,HIGH
UTB-LEC-005,BSc Transport & Logistics Mgmt,FULL_TIME,2,Supply Chain Risk & Resilience,"Project Management (PMP), Research Methodology",5,2026-T2,10,19.3,3,175,1.5,3,4.0,1,4.6,6,11,7,5,52.4,86.4,CRITICAL
UTB-LEC-005,BSc Transport & Logistics Mgmt,FULL_TIME,2,Supply Chain Risk & Resilience,"Project Management (PMP), Research Methodology",5,2026-T2,11,20.0,3,175,2.5,2,8.0,0,5.9,3,11,6,5,60.0,91.2,CRITICAL
UTB-LEC-006,BA Hotel & Restaurant Management,PART_TIME,6,Food & Beverage Cost Control,"Financial Modeling, Data Analysis with Python",2,2026-T1,1,7.2,2,74,2.0,1,0.0,0,0.6,2,4,5,1,17.9,52.2,MODERATE
UTB-LEC-006,BA Hotel & Restaurant Management,PART_TIME,6,Food & Beverage Cost Control,"Financial Modeling, Data Analysis with Python",2,2026-T1,2,8.4,2,74,1.0,4,0.0,0,2.0,0,4,3,2,19.9,40.0,MODERATE
UTB-LEC-006,BA Hotel & Restaurant Management,PART_TIME,6,Food & Beverage Cost Control,"Financial Modeling, Data Analysis with Python",2,2026-T1,3,8.3,2,74,1.5,2,0.0,0,3.6,1,3,2,4,21.8,35.9,MODERATE
UTB-LEC-006,BA Hotel & Restaurant Management,PART_TIME,6,Food & Beverage Cost Control,"Financial Modeling, Data Analysis with Python",2,2026-T1,4,7.8,2,74,1.0,1,0.0,0,3.2,1,1,5,4,18.7,33.6,LOW
UTB-LEC-006,BA Hotel & Restaurant Management,PART_TIME,6,Food & Beverage Cost Control,"Financial Modeling, Data Analysis with Python",2,2026-T1,5,7.0,2,74,1.5,0,0.0,0,9.7,11,5,9,1,22.8,75.4,CRITICAL
UTB-LEC-006,BA Hotel & Restaurant Management,PART_TIME,6,Food & Beverage Cost Control,"Financial Modeling, Data Analysis with Python",2,2026-T1,6,8.4,2,74,2.0,1,0.0,2,9.5,3,7,7,4,31.8,62.3,HIGH
UTB-LEC-006,BA Hotel & Restaurant Management,PART_TIME,6,Food & Beverage Cost Control,"Financial Modeling, Data Analysis with Python",2,2026-T1,7,8.3,2,74,1.5,0,0.0,1,2.9,3,4,3,3,21.5,43.2,MODERATE
UTB-LEC-006,BA Hotel & Restaurant Management,PART_TIME,6,Food & Beverage Cost Control,"Financial Modeling, Data Analysis with Python",2,2026-T1,8,7.1,2,74,1.5,1,0.0,1,3.0,1,2,2,5,20.3,25.6,LOW
UTB-LEC-006,BA Hotel & Restaurant Management,PART_TIME,6,Food & Beverage Cost Control,"Financial Modeling, Data Analysis with Python",2,2026-T1,9,8.5,2,74,1.5,2,0.0,0,2.2,3,1,2,2,18.9,38.1,MODERATE
UTB-LEC-006,BA Hotel & Restaurant Management,PART_TIME,6,Food & Beverage Cost Control,"Financial Modeling, Data Analysis with Python",2,2026-T1,10,8.3,2,74,2.0,1,0.0,1,6.3,4,4,6,4,25.6,52.5,MODERATE
UTB-LEC-006,BA Hotel & Restaurant Management,PART_TIME,6,Food & Beverage Cost Control,"Financial Modeling, Data Analysis with Python",2,2026-T1,11,8.7,2,74,1.5,1,0.0,0,5.8,5,10,8,4,22.9,65.2,HIGH
UTB-LEC-006,BA Hotel & Restaurant Management,PART_TIME,6,Food & Beverage Cost Control,"Financial Modeling, Data Analysis with Python",2,2026-T2,1,7.0,2,74,2.0,0,0.0,0,0.1,1,4,5,1,15.3,51.7,MODERATE
UTB-LEC-006,BA Hotel & Restaurant Management,PART_TIME,6,Food & Beverage Cost Control,"Financial Modeling, Data Analysis with Python",2,2026-T2,2,8.1,2,74,1.0,0,0.0,0,2.2,3,1,5,2,17.1,42.3,MODERATE
UTB-LEC-006,BA Hotel & Restaurant Management,PART_TIME,6,Food & Beverage Cost Control,"Financial Modeling, Data Analysis with Python",2,2026-T2,3,7.4,2,74,2.0,2,0.0,0,3.0,2,4,3,4,20.7,36.2,MODERATE
UTB-LEC-006,BA Hotel & Restaurant Management,PART_TIME,6,Food & Beverage Cost Control,"Financial Modeling, Data Analysis with Python",2,2026-T2,4,7.2,2,74,1.5,1,0.0,0,3.2,0,2,4,4,17.3,32.2,LOW
UTB-LEC-006,BA Hotel & Restaurant Management,PART_TIME,6,Food & Beverage Cost Control,"Financial Modeling, Data Analysis with Python",2,2026-T2,5,8.1,2,74,2.5,0,0.0,0,9.7,9,4,10,2,28.8,73.5,HIGH
UTB-LEC-006,BA Hotel & Restaurant Management,PART_TIME,6,Food & Beverage Cost Control,"Financial Modeling, Data Analysis with Python",2,2026-T2,6,7.9,2,74,1.5,1,0.0,0,9.6,8,4,8,3,25.4,58.4,HIGH
UTB-LEC-006,BA Hotel & Restaurant Management,PART_TIME,6,Food & Beverage Cost Control,"Financial Modeling, Data Analysis with Python",2,2026-T2,7,7.7,2,74,1.5,0,0.0,1,2.8,3,4,3,2,20.6,44.9,MODERATE
UTB-LEC-006,BA Hotel & Restaurant Management,PART_TIME,6,Food & Beverage Cost Control,"Financial Modeling, Data Analysis with Python",2,2026-T2,8,6.8,2,74,1.0,3,0.0,0,0.5,1,3,2,4,14.2,24.7,LOW
UTB-LEC-006,BA Hotel & Restaurant Management,PART_TIME,6,Food & Beverage Cost Control,"Financial Modeling, Data Analysis with Python",2,2026-T2,9,8.3,2,74,2.5,0,0.0,2,3.4,3,1,5,3,26.4,45.0,MODERATE
UTB-LEC-006,BA Hotel & Restaurant Management,PART_TIME,6,Food & Beverage Cost Control,"Financial Modeling, Data Analysis with Python",2,2026-T2,10,7.6,2,74,1.5,0,0.0,2,8.0,4,11,9,5,27.4,66.7,HIGH
UTB-LEC-006,BA Hotel & Restaurant Management,PART_TIME,6,Food & Beverage Cost Control,"Financial Modeling, Data Analysis with Python",2,2026-T2,11,7.3,2,74,2.0,0,0.0,0,4.9,7,5,7,3,21.1,57.7,HIGH
UTB-LEC-007,BA Community Development,FULL_TIME,1,Disaster Management & Community Resilience,"Research Methodology, GIS & Spatial Mapping",5,2026-T1,1,18.6,2,310,1.5,4,2.0,1,3.4,1,0,2,2,51.8,62.3,HIGH
UTB-LEC-007,BA Community Development,FULL_TIME,1,Disaster Management & Community Resilience,"Research Methodology, GIS & Spatial Mapping",5,2026-T1,2,20.1,2,310,2.0,3,4.0,0,1.8,1,1,4,3,57.5,72.2,HIGH
UTB-LEC-007,BA Community Development,FULL_TIME,1,Disaster Management & Community Resilience,"Research Methodology, GIS & Spatial Mapping",5,2026-T1,3,18.8,2,310,1.0,4,2.0,1,3.0,2,3,6,2,48.3,73.5,HIGH
UTB-LEC-007,BA Community Development,FULL_TIME,1,Disaster Management & Community Resilience,"Research Methodology, GIS & Spatial Mapping",5,2026-T1,4,20.1,2,310,1.5,2,0.0,0,0.4,3,2,5,4,45.6,63.2,HIGH
UTB-LEC-007,BA Community Development,FULL_TIME,1,Disaster Management & Community Resilience,"Research Methodology, GIS & Spatial Mapping",5,2026-T1,5,19.8,2,310,1.5,6,12.0,0,8.8,7,11,7,1,69.4,98.0,CRITICAL
UTB-LEC-007,BA Community Development,FULL_TIME,1,Disaster Management & Community Resilience,"Research Methodology, GIS & Spatial Mapping",5,2026-T1,6,19.7,2,310,2.0,8,4.0,0,8.8,7,7,8,3,66.3,98.0,CRITICAL
UTB-LEC-007,BA Community Development,FULL_TIME,1,Disaster Management & Community Resilience,"Research Methodology, GIS & Spatial Mapping",5,2026-T1,7,18.3,2,310,2.0,7,0.0,0,3.9,1,4,5,3,55.4,78.3,CRITICAL
UTB-LEC-007,BA Community Development,FULL_TIME,1,Disaster Management & Community Resilience,"Research Methodology, GIS & Spatial Mapping",5,2026-T1,8,18.7,2,310,1.0,6,4.0,2,1.0,1,0,5,3,50.3,66.3,HIGH
UTB-LEC-007,BA Community Development,FULL_TIME,1,Disaster Management & Community Resilience,"Research Methodology, GIS & Spatial Mapping",5,2026-T1,9,19.6,2,310,1.5,3,0.0,2,2.7,3,3,2,5,54.1,61.2,HIGH
UTB-LEC-007,BA Community Development,FULL_TIME,1,Disaster Management & Community Resilience,"Research Methodology, GIS & Spatial Mapping",5,2026-T1,10,20.0,2,310,2.0,2,0.0,0,8.0,5,7,7,4,58.6,88.2,CRITICAL
UTB-LEC-007,BA Community Development,FULL_TIME,1,Disaster Management & Community Resilience,"Research Methodology, GIS & Spatial Mapping",5,2026-T1,11,19.1,2,310,2.0,9,2.0,1,4.3,6,4,7,3,62.2,95.4,CRITICAL
UTB-LEC-007,BA Community Development,FULL_TIME,1,Disaster Management & Community Resilience,"Research Methodology, GIS & Spatial Mapping",5,2026-T2,1,18.4,2,310,1.5,2,2.0,1,1.9,3,0,2,3,51.3,63.8,HIGH
UTB-LEC-007,BA Community Development,FULL_TIME,1,Disaster Management & Community Resilience,"Research Methodology, GIS & Spatial Mapping",5,2026-T2,2,20.0,2,310,1.0,4,4.0,1,3.4,2,4,5,1,52.9,84.7,CRITICAL
UTB-LEC-007,BA Community Development,FULL_TIME,1,Disaster Management & Community Resilience,"Research Methodology, GIS & Spatial Mapping",5,2026-T2,3,18.3,2,310,2.0,4,0.0,2,0.1,1,0,5,4,54.6,68.6,HIGH
UTB-LEC-007,BA Community Development,FULL_TIME,1,Disaster Management & Community Resilience,"Research Methodology, GIS & Spatial Mapping",5,2026-T2,4,19.6,2,310,1.0,5,0.0,0,2.0,3,3,5,4,45.9,65.0,HIGH
UTB-LEC-007,BA Community Development,FULL_TIME,1,Disaster Management & Community Resilience,"Research Methodology, GIS & Spatial Mapping",5,2026-T2,5,18.7,2,310,1.5,3,0.0,0,6.8,11,8,8,1,51.9,98.0,CRITICAL
UTB-LEC-007,BA Community Development,FULL_TIME,1,Disaster Management & Community Resilience,"Research Methodology, GIS & Spatial Mapping",5,2026-T2,6,19.9,2,310,1.5,5,2.0,0,5.7,8,9,10,3,55.5,98.0,CRITICAL
UTB-LEC-007,BA Community Development,FULL_TIME,1,Disaster Management & Community Resilience,"Research Methodology, GIS & Spatial Mapping",5,2026-T2,7,19.0,2,310,1.5,6,2.0,2,2.9,3,4,5,1,57.9,88.4,CRITICAL
UTB-LEC-007,BA Community Development,FULL_TIME,1,Disaster Management & Community Resilience,"Research Methodology, GIS & Spatial Mapping",5,2026-T2,8,18.5,2,310,1.5,6,2.0,1,1.5,2,3,4,3,51.9,69.8,HIGH
UTB-LEC-007,BA Community Development,FULL_TIME,1,Disaster Management & Community Resilience,"Research Methodology, GIS & Spatial Mapping",5,2026-T2,9,19.5,2,310,2.5,8,0.0,2,0.7,0,3,4,1,63.0,81.6,CRITICAL
UTB-LEC-007,BA Community Development,FULL_TIME,1,Disaster Management & Community Resilience,"Research Methodology, GIS & Spatial Mapping",5,2026-T2,10,19.9,2,310,1.0,5,4.0,2,9.1,7,9,9,1,58.9,98.0,CRITICAL
UTB-LEC-007,BA Community Development,FULL_TIME,1,Disaster Management & Community Resilience,"Research Methodology, GIS & Spatial Mapping",5,2026-T2,11,19.4,2,310,1.5,4,2.0,2,8.2,11,9,6,3,61.3,98.0,CRITICAL
UTB-LEC-008,BSc Travel & Tourism Management,FULL_TIME,12,Destination Marketing & Branding,"Quality Assurance, Digital Marketing",2,2026-T1,1,8.9,2,120,1.5,3,12.0,0,2.1,0,4,5,3,34.1,56.4,HIGH
UTB-LEC-008,BSc Travel & Tourism Management,FULL_TIME,12,Destination Marketing & Branding,"Quality Assurance, Digital Marketing",2,2026-T1,2,7.5,2,120,1.5,3,4.0,0,0.6,2,2,3,4,24.2,36.8,MODERATE
UTB-LEC-008,BSc Travel & Tourism Management,FULL_TIME,12,Destination Marketing & Branding,"Quality Assurance, Digital Marketing",2,2026-T1,3,8.5,2,120,2.0,4,0.0,0,1.2,0,4,5,5,23.7,42.8,MODERATE
UTB-LEC-008,BSc Travel & Tourism Management,FULL_TIME,12,Destination Marketing & Branding,"Quality Assurance, Digital Marketing",2,2026-T1,4,7.9,2,120,1.5,3,0.0,2,0.2,2,1,5,5,23.5,42.0,MODERATE
UTB-LEC-008,BSc Travel & Tourism Management,FULL_TIME,12,Destination Marketing & Branding,"Quality Assurance, Digital Marketing",2,2026-T1,5,8.1,2,120,2.5,6,0.0,1,6.0,4,11,7,5,32.3,67.0,HIGH
UTB-LEC-008,BSc Travel & Tourism Management,FULL_TIME,12,Destination Marketing & Branding,"Quality Assurance, Digital Marketing",2,2026-T1,6,8.8,2,120,1.5,7,0.0,0,8.1,7,4,6,1,29.2,70.6,HIGH
UTB-LEC-008,BSc Travel & Tourism Management,FULL_TIME,12,Destination Marketing & Branding,"Quality Assurance, Digital Marketing",2,2026-T1,7,8.5,2,120,2.5,7,4.0,0,2.9,2,1,6,1,32.0,59.0,HIGH
UTB-LEC-008,BSc Travel & Tourism Management,FULL_TIME,12,Destination Marketing & Branding,"Quality Assurance, Digital Marketing",2,2026-T1,8,7.9,2,120,1.5,1,0.0,1,3.9,0,4,6,3,24.5,52.3,MODERATE
UTB-LEC-008,BSc Travel & Tourism Management,FULL_TIME,12,Destination Marketing & Branding,"Quality Assurance, Digital Marketing",2,2026-T1,9,8.5,2,120,2.0,2,12.0,1,1.3,3,1,4,1,37.1,60.1,HIGH
UTB-LEC-008,BSc Travel & Tourism Management,FULL_TIME,12,Destination Marketing & Branding,"Quality Assurance, Digital Marketing",2,2026-T1,10,8.5,2,120,1.0,4,0.0,0,8.6,10,11,6,3,27.1,70.7,HIGH
UTB-LEC-008,BSc Travel & Tourism Management,FULL_TIME,12,Destination Marketing & Branding,"Quality Assurance, Digital Marketing",2,2026-T1,11,8.9,2,120,2.5,4,0.0,0,9.7,4,8,8,2,33.3,74.3,HIGH
UTB-LEC-008,BSc Travel & Tourism Management,FULL_TIME,12,Destination Marketing & Branding,"Quality Assurance, Digital Marketing",2,2026-T2,1,7.7,2,120,1.5,3,0.0,0,0.1,3,2,6,1,16.4,49.2,MODERATE
UTB-LEC-008,BSc Travel & Tourism Management,FULL_TIME,12,Destination Marketing & Branding,"Quality Assurance, Digital Marketing",2,2026-T2,2,8.4,2,120,2.0,6,0.0,0,2.7,3,3,3,2,26.8,46.8,MODERATE
UTB-LEC-008,BSc Travel & Tourism Management,FULL_TIME,12,Destination Marketing & Branding,"Quality Assurance, Digital Marketing",2,2026-T2,3,7.4,2,120,2.0,8,8.0,2,0.0,2,0,3,3,35.7,47.1,MODERATE
UTB-LEC-008,BSc Travel & Tourism Management,FULL_TIME,12,Destination Marketing & Branding,"Quality Assurance, Digital Marketing",2,2026-T2,4,7.9,2,120,2.0,4,0.0,2,1.7,2,2,2,1,28.1,46.5,MODERATE
UTB-LEC-008,BSc Travel & Tourism Management,FULL_TIME,12,Destination Marketing & Branding,"Quality Assurance, Digital Marketing",2,2026-T2,5,8.6,2,120,2.5,3,0.0,2,8.2,3,7,6,4,36.4,66.8,HIGH
UTB-LEC-008,BSc Travel & Tourism Management,FULL_TIME,12,Destination Marketing & Branding,"Quality Assurance, Digital Marketing",2,2026-T2,6,7.5,2,120,2.0,4,4.0,1,4.0,5,7,6,1,31.9,73.5,HIGH
UTB-LEC-008,BSc Travel & Tourism Management,FULL_TIME,12,Destination Marketing & Branding,"Quality Assurance, Digital Marketing",2,2026-T2,7,7.3,2,120,1.5,3,0.0,0,3.0,3,3,5,3,21.1,45.2,MODERATE
UTB-LEC-008,BSc Travel & Tourism Management,FULL_TIME,12,Destination Marketing & Branding,"Quality Assurance, Digital Marketing",2,2026-T2,8,7.5,2,120,1.5,2,0.0,0,2.8,3,4,6,1,20.3,57.8,HIGH
UTB-LEC-008,BSc Travel & Tourism Management,FULL_TIME,12,Destination Marketing & Branding,"Quality Assurance, Digital Marketing",2,2026-T2,9,9.1,2,120,1.5,7,0.0,1,3.5,0,2,3,1,28.6,48.4,MODERATE
UTB-LEC-008,BSc Travel & Tourism Management,FULL_TIME,12,Destination Marketing & Branding,"Quality Assurance, Digital Marketing",2,2026-T2,10,7.3,2,120,1.5,9,0.0,0,7.1,3,10,9,3,28.3,72.5,HIGH
UTB-LEC-008,BSc Travel & Tourism Management,FULL_TIME,12,Destination Marketing & Branding,"Quality Assurance, Digital Marketing",2,2026-T2,11,7.7,2,120,1.5,7,2.0,1,4.3,9,7,7,1,30.9,78.1,CRITICAL
UTB-LEC-009,Bachelor of Business Management,FULL_TIME,10,Corporate Finance & Investment,"Public Speaking & Pedagogy, GIS & Spatial Mapping",5,2026-T1,1,21.0,4,210,2.0,6,0.0,0,2.6,2,3,2,4,50.1,58.3,HIGH
UTB-LEC-009,Bachelor of Business Management,FULL_TIME,10,Corporate Finance & Investment,"Public Speaking & Pedagogy, GIS & Spatial Mapping",5,2026-T1,2,20.9,4,210,1.5,5,4.0,1,3.8,1,4,3,1,54.8,78.1,CRITICAL
UTB-LEC-009,Bachelor of Business Management,FULL_TIME,10,Corporate Finance & Investment,"Public Speaking & Pedagogy, GIS & Spatial Mapping",5,2026-T1,3,21.3,4,210,1.0,5,2.0,2,4.0,2,3,4,4,53.4,69.4,HIGH
UTB-LEC-009,Bachelor of Business Management,FULL_TIME,10,Corporate Finance & Investment,"Public Speaking & Pedagogy, GIS & Spatial Mapping",5,2026-T1,4,20.1,4,210,2.0,4,2.0,1,3.8,2,4,3,3,54.9,73.5,HIGH
UTB-LEC-009,Bachelor of Business Management,FULL_TIME,10,Corporate Finance & Investment,"Public Speaking & Pedagogy, GIS & Spatial Mapping",5,2026-T1,5,21.1,4,210,2.0,4,4.0,0,8.8,7,11,7,4,60.4,95.0,CRITICAL
UTB-LEC-009,Bachelor of Business Management,FULL_TIME,10,Corporate Finance & Investment,"Public Speaking & Pedagogy, GIS & Spatial Mapping",5,2026-T1,6,21.2,4,210,2.5,7,0.0,0,6.9,11,8,8,4,59.3,98.0,CRITICAL
UTB-LEC-009,Bachelor of Business Management,FULL_TIME,10,Corporate Finance & Investment,"Public Speaking & Pedagogy, GIS & Spatial Mapping",5,2026-T1,7,21.3,4,210,1.0,5,0.0,2,0.9,3,4,5,2,47.6,75.9,CRITICAL
UTB-LEC-009,Bachelor of Business Management,FULL_TIME,10,Corporate Finance & Investment,"Public Speaking & Pedagogy, GIS & Spatial Mapping",5,2026-T1,8,21.0,4,210,1.5,3,2.0,0,0.8,2,1,6,2,47.3,72.5,HIGH
UTB-LEC-009,Bachelor of Business Management,FULL_TIME,10,Corporate Finance & Investment,"Public Speaking & Pedagogy, GIS & Spatial Mapping",5,2026-T1,9,20.2,4,210,2.0,5,0.0,0,2.9,3,4,6,5,51.0,64.9,HIGH
UTB-LEC-009,Bachelor of Business Management,FULL_TIME,10,Corporate Finance & Investment,"Public Speaking & Pedagogy, GIS & Spatial Mapping",5,2026-T1,10,19.5,4,210,2.5,3,0.0,1,5.8,9,10,10,4,56.9,98.0,CRITICAL
UTB-LEC-009,Bachelor of Business Management,FULL_TIME,10,Corporate Finance & Investment,"Public Speaking & Pedagogy, GIS & Spatial Mapping",5,2026-T1,11,20.2,4,210,1.5,6,0.0,1,5.5,7,4,8,3,53.8,86.5,CRITICAL
UTB-LEC-009,Bachelor of Business Management,FULL_TIME,10,Corporate Finance & Investment,"Public Speaking & Pedagogy, GIS & Spatial Mapping",5,2026-T2,1,19.4,4,210,1.5,4,0.0,1,1.1,1,0,3,1,44.4,61.2,HIGH
UTB-LEC-009,Bachelor of Business Management,FULL_TIME,10,Corporate Finance & Investment,"Public Speaking & Pedagogy, GIS & Spatial Mapping",5,2026-T2,2,19.8,4,210,1.0,5,0.0,2,0.5,1,0,3,3,45.2,54.9,MODERATE
UTB-LEC-009,Bachelor of Business Management,FULL_TIME,10,Corporate Finance & Investment,"Public Speaking & Pedagogy, GIS & Spatial Mapping",5,2026-T2,3,20.7,4,210,1.5,4,4.0,0,1.2,3,0,3,2,50.9,66.6,HIGH
UTB-LEC-009,Bachelor of Business Management,FULL_TIME,10,Corporate Finance & Investment,"Public Speaking & Pedagogy, GIS & Spatial Mapping",5,2026-T2,4,19.6,4,210,1.5,3,4.0,0,2.8,0,2,2,3,49.3,59.5,HIGH
UTB-LEC-009,Bachelor of Business Management,FULL_TIME,10,Corporate Finance & Investment,"Public Speaking & Pedagogy, GIS & Spatial Mapping",5,2026-T2,5,20.7,4,210,2.0,6,2.0,0,8.9,4,11,6,1,59.6,98.0,CRITICAL
UTB-LEC-009,Bachelor of Business Management,FULL_TIME,10,Corporate Finance & Investment,"Public Speaking & Pedagogy, GIS & Spatial Mapping",5,2026-T2,6,19.8,4,210,1.5,3,0.0,1,6.6,8,4,9,5,51.3,82.2,CRITICAL
UTB-LEC-009,Bachelor of Business Management,FULL_TIME,10,Corporate Finance & Investment,"Public Speaking & Pedagogy, GIS & Spatial Mapping",5,2026-T2,7,21.0,4,210,2.0,2,0.0,2,3.1,2,2,6,2,54.7,79.2,CRITICAL
UTB-LEC-009,Bachelor of Business Management,FULL_TIME,10,Corporate Finance & Investment,"Public Speaking & Pedagogy, GIS & Spatial Mapping",5,2026-T2,8,19.6,4,210,1.5,3,2.0,1,3.0,3,0,3,3,48.3,58.3,HIGH
UTB-LEC-009,Bachelor of Business Management,FULL_TIME,10,Corporate Finance & Investment,"Public Speaking & Pedagogy, GIS & Spatial Mapping",5,2026-T2,9,20.7,4,210,2.5,2,2.0,1,0.3,2,2,5,5,55.0,64.9,HIGH
UTB-LEC-009,Bachelor of Business Management,FULL_TIME,10,Corporate Finance & Investment,"Public Speaking & Pedagogy, GIS & Spatial Mapping",5,2026-T2,10,20.8,4,210,2.0,0,0.0,0,5.6,11,6,9,1,52.1,98.0,CRITICAL
UTB-LEC-009,Bachelor of Business Management,FULL_TIME,10,Corporate Finance & Investment,"Public Speaking & Pedagogy, GIS & Spatial Mapping",5,2026-T2,11,19.8,4,210,1.5,7,2.0,0,8.1,4,9,9,1,56.4,98.0,CRITICAL
UTB-LEC-010,BSc Information Technology,FULL_TIME,16,Cybersecurity & Network Defense,"Digital Marketing, Public Speaking & Pedagogy",4,2026-T1,1,16.1,4,200,1.5,6,2.0,2,1.7,2,3,2,4,44.9,53.3,MODERATE
UTB-LEC-010,BSc Information Technology,FULL_TIME,16,Cybersecurity & Network Defense,"Digital Marketing, Public Speaking & Pedagogy",4,2026-T1,2,14.8,4,200,1.0,5,0.0,0,2.9,0,1,3,3,36.5,50.0,MODERATE
UTB-LEC-010,BSc Information Technology,FULL_TIME,16,Cybersecurity & Network Defense,"Digital Marketing, Public Speaking & Pedagogy",4,2026-T1,3,15.8,4,200,1.5,6,0.0,1,1.7,2,1,6,3,42.0,63.9,HIGH
UTB-LEC-010,BSc Information Technology,FULL_TIME,16,Cybersecurity & Network Defense,"Digital Marketing, Public Speaking & Pedagogy",4,2026-T1,4,15.3,4,200,1.5,3,0.0,1,3.1,2,4,3,5,39.7,51.1,MODERATE
UTB-LEC-010,BSc Information Technology,FULL_TIME,16,Cybersecurity & Network Defense,"Digital Marketing, Public Speaking & Pedagogy",4,2026-T1,5,14.7,4,200,1.5,2,0.0,0,4.1,5,9,6,5,38.5,69.8,HIGH
UTB-LEC-010,BSc Information Technology,FULL_TIME,16,Cybersecurity & Network Defense,"Digital Marketing, Public Speaking & Pedagogy",4,2026-T1,6,16.0,4,200,1.5,4,4.0,1,4.0,6,8,9,5,45.4,78.5,CRITICAL
UTB-LEC-010,BSc Information Technology,FULL_TIME,16,Cybersecurity & Network Defense,"Digital Marketing, Public Speaking & Pedagogy",4,2026-T1,7,15.3,4,200,2.5,3,2.0,2,0.4,0,0,2,4,47.8,52.7,MODERATE
UTB-LEC-010,BSc Information Technology,FULL_TIME,16,Cybersecurity & Network Defense,"Digital Marketing, Public Speaking & Pedagogy",4,2026-T1,8,15.2,4,200,2.0,2,0.0,1,1.6,0,4,5,4,39.7,58.1,HIGH
UTB-LEC-010,BSc Information Technology,FULL_TIME,16,Cybersecurity & Network Defense,"Digital Marketing, Public Speaking & Pedagogy",4,2026-T1,9,14.5,4,200,1.0,2,0.0,1,3.5,2,1,3,3,36.9,49.1,MODERATE
UTB-LEC-010,BSc Information Technology,FULL_TIME,16,Cybersecurity & Network Defense,"Digital Marketing, Public Speaking & Pedagogy",4,2026-T1,10,15.5,4,200,2.5,5,4.0,1,8.5,11,10,6,5,56.7,94.7,CRITICAL
UTB-LEC-010,BSc Information Technology,FULL_TIME,16,Cybersecurity & Network Defense,"Digital Marketing, Public Speaking & Pedagogy",4,2026-T1,11,16.2,4,200,1.5,4,0.0,1,7.1,10,5,10,1,45.0,98.0,CRITICAL
UTB-LEC-010,BSc Information Technology,FULL_TIME,16,Cybersecurity & Network Defense,"Digital Marketing, Public Speaking & Pedagogy",4,2026-T2,1,16.1,4,200,1.5,5,0.0,1,3.5,1,3,5,5,43.1,56.5,HIGH
UTB-LEC-010,BSc Information Technology,FULL_TIME,16,Cybersecurity & Network Defense,"Digital Marketing, Public Speaking & Pedagogy",4,2026-T2,2,16.1,4,200,1.5,2,0.0,0,3.2,0,0,4,4,39.1,51.2,MODERATE
UTB-LEC-010,BSc Information Technology,FULL_TIME,16,Cybersecurity & Network Defense,"Digital Marketing, Public Speaking & Pedagogy",4,2026-T2,3,16.3,4,200,1.5,4,0.0,0,4.0,0,4,5,4,42.8,60.2,HIGH
UTB-LEC-010,BSc Information Technology,FULL_TIME,16,Cybersecurity & Network Defense,"Digital Marketing, Public Speaking & Pedagogy",4,2026-T2,4,15.6,4,200,2.0,3,0.0,1,3.3,2,2,2,1,45.2,64.4,HIGH
UTB-LEC-010,BSc Information Technology,FULL_TIME,16,Cybersecurity & Network Defense,"Digital Marketing, Public Speaking & Pedagogy",4,2026-T2,5,15.8,4,200,2.0,3,4.0,1,4.1,6,4,8,1,49.5,86.4,CRITICAL
UTB-LEC-010,BSc Information Technology,FULL_TIME,16,Cybersecurity & Network Defense,"Digital Marketing, Public Speaking & Pedagogy",4,2026-T2,6,15.2,4,200,2.0,5,0.0,2,7.8,7,8,7,4,51.5,87.4,CRITICAL
UTB-LEC-010,BSc Information Technology,FULL_TIME,16,Cybersecurity & Network Defense,"Digital Marketing, Public Speaking & Pedagogy",4,2026-T2,7,15.4,4,200,1.5,6,0.0,2,1.8,1,3,3,5,41.4,51.8,MODERATE
UTB-LEC-010,BSc Information Technology,FULL_TIME,16,Cybersecurity & Network Defense,"Digital Marketing, Public Speaking & Pedagogy",4,2026-T2,8,15.5,4,200,1.5,6,0.0,0,3.3,2,4,5,5,39.7,57.4,HIGH
UTB-LEC-010,BSc Information Technology,FULL_TIME,16,Cybersecurity & Network Defense,"Digital Marketing, Public Speaking & Pedagogy",4,2026-T2,9,15.4,4,200,1.0,4,2.0,2,3.6,1,0,4,5,43.0,51.2,MODERATE
UTB-LEC-010,BSc Information Technology,FULL_TIME,16,Cybersecurity & Network Defense,"Digital Marketing, Public Speaking & Pedagogy",4,2026-T2,10,16.0,4,200,2.5,5,0.0,0,4.2,5,10,10,2,46.3,98.0,CRITICAL
UTB-LEC-010,BSc Information Technology,FULL_TIME,16,Cybersecurity & Network Defense,"Digital Marketing, Public Speaking & Pedagogy",4,2026-T2,11,14.6,4,200,1.5,2,2.0,1,7.7,5,6,10,2,44.2,91.8,CRITICAL
UTB-LEC-011,BSc Computer Engineering,FULL_TIME,15,Artificial Intelligence & Computer Vision,"Customer Relationship Management, Project Management (PMP)",3,2026-T1,1,12.0,3,156,2.5,8,0.0,2,2.1,2,3,4,3,41.1,57.5,HIGH
UTB-LEC-011,BSc Computer Engineering,FULL_TIME,15,Artificial Intelligence & Computer Vision,"Customer Relationship Management, Project Management (PMP)",3,2026-T1,2,11.6,3,156,2.0,5,4.0,0,2.2,0,1,2,4,36.4,40.2,MODERATE
UTB-LEC-011,BSc Computer Engineering,FULL_TIME,15,Artificial Intelligence & Computer Vision,"Customer Relationship Management, Project Management (PMP)",3,2026-T1,3,11.1,3,156,2.0,3,8.0,1,2.6,1,2,3,4,40.7,51.2,MODERATE
UTB-LEC-011,BSc Computer Engineering,FULL_TIME,15,Artificial Intelligence & Computer Vision,"Customer Relationship Management, Project Management (PMP)",3,2026-T1,4,10.3,3,156,1.5,6,4.0,2,2.4,1,0,5,1,37.1,61.9,HIGH
UTB-LEC-011,BSc Computer Engineering,FULL_TIME,15,Artificial Intelligence & Computer Vision,"Customer Relationship Management, Project Management (PMP)",3,2026-T1,5,12.1,3,156,1.5,5,0.0,0,4.8,7,9,9,4,33.6,73.7,HIGH
UTB-LEC-011,BSc Computer Engineering,FULL_TIME,15,Artificial Intelligence & Computer Vision,"Customer Relationship Management, Project Management (PMP)",3,2026-T1,6,10.3,3,156,2.5,3,0.0,0,4.9,6,10,8,5,34.1,70.8,HIGH
UTB-LEC-011,BSc Computer Engineering,FULL_TIME,15,Artificial Intelligence & Computer Vision,"Customer Relationship Management, Project Management (PMP)",3,2026-T1,7,10.7,3,156,1.5,3,12.0,0,0.3,0,4,6,2,38.4,67.6,HIGH
UTB-LEC-011,BSc Computer Engineering,FULL_TIME,15,Artificial Intelligence & Computer Vision,"Customer Relationship Management, Project Management (PMP)",3,2026-T1,8,11.4,3,156,1.0,0,0.0,2,2.0,3,1,4,1,27.1,51.0,MODERATE
UTB-LEC-011,BSc Computer Engineering,FULL_TIME,15,Artificial Intelligence & Computer Vision,"Customer Relationship Management, Project Management (PMP)",3,2026-T1,9,11.8,3,156,1.0,5,0.0,1,1.8,3,1,6,1,27.4,61.2,HIGH
UTB-LEC-011,BSc Computer Engineering,FULL_TIME,15,Artificial Intelligence & Computer Vision,"Customer Relationship Management, Project Management (PMP)",3,2026-T1,10,11.5,3,156,1.5,5,0.0,2,7.9,8,6,6,5,41.6,68.9,HIGH
UTB-LEC-011,BSc Computer Engineering,FULL_TIME,15,Artificial Intelligence & Computer Vision,"Customer Relationship Management, Project Management (PMP)",3,2026-T1,11,11.2,3,156,2.0,4,4.0,0,9.8,8,7,6,2,43.3,83.1,CRITICAL
UTB-LEC-011,BSc Computer Engineering,FULL_TIME,15,Artificial Intelligence & Computer Vision,"Customer Relationship Management, Project Management (PMP)",3,2026-T2,1,11.3,3,156,1.5,7,0.0,1,3.1,1,0,4,4,33.0,42.4,MODERATE
UTB-LEC-011,BSc Computer Engineering,FULL_TIME,15,Artificial Intelligence & Computer Vision,"Customer Relationship Management, Project Management (PMP)",3,2026-T2,2,10.2,3,156,2.0,3,0.0,0,2.5,1,0,6,3,29.0,47.6,MODERATE
UTB-LEC-011,BSc Computer Engineering,FULL_TIME,15,Artificial Intelligence & Computer Vision,"Customer Relationship Management, Project Management (PMP)",3,2026-T2,3,12.0,3,156,1.5,8,0.0,1,3.0,0,3,3,3,36.0,51.6,MODERATE
UTB-LEC-011,BSc Computer Engineering,FULL_TIME,15,Artificial Intelligence & Computer Vision,"Customer Relationship Management, Project Management (PMP)",3,2026-T2,4,11.2,3,156,1.5,3,0.0,0,1.1,2,3,2,4,27.0,39.6,MODERATE
UTB-LEC-011,BSc Computer Engineering,FULL_TIME,15,Artificial Intelligence & Computer Vision,"Customer Relationship Management, Project Management (PMP)",3,2026-T2,5,11.4,3,156,1.5,3,2.0,1,8.8,3,6,8,2,40.7,77.0,CRITICAL
UTB-LEC-011,BSc Computer Engineering,FULL_TIME,15,Artificial Intelligence & Computer Vision,"Customer Relationship Management, Project Management (PMP)",3,2026-T2,6,11.0,3,156,1.0,2,2.0,1,6.5,3,6,6,3,33.3,61.7,HIGH
UTB-LEC-011,BSc Computer Engineering,FULL_TIME,15,Artificial Intelligence & Computer Vision,"Customer Relationship Management, Project Management (PMP)",3,2026-T2,7,11.4,3,156,1.5,2,2.0,1,1.4,3,3,2,4,31.1,43.0,MODERATE
UTB-LEC-011,BSc Computer Engineering,FULL_TIME,15,Artificial Intelligence & Computer Vision,"Customer Relationship Management, Project Management (PMP)",3,2026-T2,8,11.1,3,156,1.5,2,0.0,1,3.7,1,0,3,5,31.6,31.1,LOW
UTB-LEC-011,BSc Computer Engineering,FULL_TIME,15,Artificial Intelligence & Computer Vision,"Customer Relationship Management, Project Management (PMP)",3,2026-T2,9,10.7,3,156,1.5,2,8.0,1,3.0,1,0,3,3,38.7,47.7,MODERATE
UTB-LEC-011,BSc Computer Engineering,FULL_TIME,15,Artificial Intelligence & Computer Vision,"Customer Relationship Management, Project Management (PMP)",3,2026-T2,10,11.0,3,156,1.5,3,0.0,0,8.5,4,7,9,1,34.9,82.2,CRITICAL
UTB-LEC-011,BSc Computer Engineering,FULL_TIME,15,Artificial Intelligence & Computer Vision,"Customer Relationship Management, Project Management (PMP)",3,2026-T2,11,10.5,3,156,1.5,3,0.0,1,8.1,6,9,7,1,35.5,81.1,CRITICAL
UTB-LEC-012,BSc Transport & Logistics Mgmt,FULL_TIME,3,Supply Chain Risk & Resilience,"GIS & Spatial Mapping, Project Management (PMP)",2,2026-T1,1,7.3,2,102,2.0,0,4.0,2,2.2,3,1,5,5,27.2,41.0,MODERATE
UTB-LEC-012,BSc Transport & Logistics Mgmt,FULL_TIME,3,Supply Chain Risk & Resilience,"GIS & Spatial Mapping, Project Management (PMP)",2,2026-T1,2,7.4,2,102,1.5,7,0.0,1,3.0,2,1,5,2,22.9,44.8,MODERATE
UTB-LEC-012,BSc Transport & Logistics Mgmt,FULL_TIME,3,Supply Chain Risk & Resilience,"GIS & Spatial Mapping, Project Management (PMP)",2,2026-T1,3,6.3,2,102,1.0,6,0.0,0,1.8,3,0,6,1,16.9,45.0,MODERATE
UTB-LEC-012,BSc Transport & Logistics Mgmt,FULL_TIME,3,Supply Chain Risk & Resilience,"GIS & Spatial Mapping, Project Management (PMP)",2,2026-T1,4,6.4,2,102,1.5,5,2.0,0,3.4,1,4,6,1,23.3,56.7,HIGH
UTB-LEC-012,BSc Transport & Logistics Mgmt,FULL_TIME,3,Supply Chain Risk & Resilience,"GIS & Spatial Mapping, Project Management (PMP)",2,2026-T1,5,6.8,2,102,1.5,3,2.0,2,6.0,4,5,6,4,30.1,59.5,HIGH
UTB-LEC-012,BSc Transport & Logistics Mgmt,FULL_TIME,3,Supply Chain Risk & Resilience,"GIS & Spatial Mapping, Project Management (PMP)",2,2026-T1,6,6.7,2,102,2.0,7,0.0,1,7.7,10,11,6,4,30.1,67.7,HIGH
UTB-LEC-012,BSc Transport & Logistics Mgmt,FULL_TIME,3,Supply Chain Risk & Resilience,"GIS & Spatial Mapping, Project Management (PMP)",2,2026-T1,7,7.6,2,102,1.0,3,0.0,0,1.0,3,2,6,2,17.6,46.5,MODERATE
UTB-LEC-012,BSc Transport & Logistics Mgmt,FULL_TIME,3,Supply Chain Risk & Resilience,"GIS & Spatial Mapping, Project Management (PMP)",2,2026-T1,8,7.8,2,102,1.5,0,8.0,0,3.6,1,2,6,4,29.3,48.6,MODERATE
UTB-LEC-012,BSc Transport & Logistics Mgmt,FULL_TIME,3,Supply Chain Risk & Resilience,"GIS & Spatial Mapping, Project Management (PMP)",2,2026-T1,9,6.7,2,102,2.0,7,0.0,0,2.1,3,1,6,3,22.3,47.3,MODERATE
UTB-LEC-012,BSc Transport & Logistics Mgmt,FULL_TIME,3,Supply Chain Risk & Resilience,"GIS & Spatial Mapping, Project Management (PMP)",2,2026-T1,10,7.8,2,102,1.5,3,4.0,0,7.6,5,4,6,4,27.9,56.6,HIGH
UTB-LEC-012,BSc Transport & Logistics Mgmt,FULL_TIME,3,Supply Chain Risk & Resilience,"GIS & Spatial Mapping, Project Management (PMP)",2,2026-T1,11,6.5,2,102,1.0,3,0.0,0,9.4,11,5,6,2,24.0,62.6,HIGH
UTB-LEC-012,BSc Transport & Logistics Mgmt,FULL_TIME,3,Supply Chain Risk & Resilience,"GIS & Spatial Mapping, Project Management (PMP)",2,2026-T2,1,7.9,2,102,2.5,1,4.0,1,0.2,1,1,4,1,26.4,51.5,MODERATE
UTB-LEC-012,BSc Transport & Logistics Mgmt,FULL_TIME,3,Supply Chain Risk & Resilience,"GIS & Spatial Mapping, Project Management (PMP)",2,2026-T2,2,6.3,2,102,1.5,3,0.0,1,3.9,0,3,3,4,23.3,36.0,MODERATE
UTB-LEC-012,BSc Transport & Logistics Mgmt,FULL_TIME,3,Supply Chain Risk & Resilience,"GIS & Spatial Mapping, Project Management (PMP)",2,2026-T2,3,7.8,2,102,1.5,1,0.0,1,3.3,3,3,6,5,20.0,39.9,MODERATE
UTB-LEC-012,BSc Transport & Logistics Mgmt,FULL_TIME,3,Supply Chain Risk & Resilience,"GIS & Spatial Mapping, Project Management (PMP)",2,2026-T2,4,6.9,2,102,1.5,5,0.0,0,0.6,1,3,3,2,20.3,39.4,MODERATE
UTB-LEC-012,BSc Transport & Logistics Mgmt,FULL_TIME,3,Supply Chain Risk & Resilience,"GIS & Spatial Mapping, Project Management (PMP)",2,2026-T2,5,6.6,2,102,2.0,1,2.0,2,6.0,6,9,9,1,29.3,79.0,CRITICAL
UTB-LEC-012,BSc Transport & Logistics Mgmt,FULL_TIME,3,Supply Chain Risk & Resilience,"GIS & Spatial Mapping, Project Management (PMP)",2,2026-T2,6,6.4,2,102,1.0,2,0.0,1,7.2,9,9,7,4,24.4,68.1,HIGH
UTB-LEC-012,BSc Transport & Logistics Mgmt,FULL_TIME,3,Supply Chain Risk & Resilience,"GIS & Spatial Mapping, Project Management (PMP)",2,2026-T2,7,7.9,2,102,1.5,4,8.0,1,1.7,0,1,3,1,31.6,55.6,HIGH
UTB-LEC-012,BSc Transport & Logistics Mgmt,FULL_TIME,3,Supply Chain Risk & Resilience,"GIS & Spatial Mapping, Project Management (PMP)",2,2026-T2,8,6.7,2,102,1.5,4,0.0,0,0.8,2,3,5,3,17.7,43.4,MODERATE
UTB-LEC-012,BSc Transport & Logistics Mgmt,FULL_TIME,3,Supply Chain Risk & Resilience,"GIS & Spatial Mapping, Project Management (PMP)",2,2026-T2,9,7.6,2,102,1.5,0,0.0,0,2.7,1,0,5,5,20.1,31.8,LOW
UTB-LEC-012,BSc Transport & Logistics Mgmt,FULL_TIME,3,Supply Chain Risk & Resilience,"GIS & Spatial Mapping, Project Management (PMP)",2,2026-T2,10,6.9,2,102,2.0,3,0.0,0,5.5,8,5,10,2,23.1,70.2,HIGH
UTB-LEC-012,BSc Transport & Logistics Mgmt,FULL_TIME,3,Supply Chain Risk & Resilience,"GIS & Spatial Mapping, Project Management (PMP)",2,2026-T2,11,6.3,2,102,2.0,8,0.0,0,9.1,11,5,9,5,27.5,66.9,HIGH
UTB-LEC-013,BA Hotel & Restaurant Management,FULL_TIME,9,Front Office & Revenue Management,"Customer Relationship Management, Digital Marketing",4,2026-T1,1,18.1,3,140,1.5,5,0.0,2,3.6,1,4,2,5,46.6,57.4,HIGH
UTB-LEC-013,BA Hotel & Restaurant Management,FULL_TIME,9,Front Office & Revenue Management,"Customer Relationship Management, Digital Marketing",4,2026-T1,2,16.7,3,140,2.0,2,4.0,2,2.7,3,0,6,2,47.5,70.0,HIGH
UTB-LEC-013,BA Hotel & Restaurant Management,FULL_TIME,9,Front Office & Revenue Management,"Customer Relationship Management, Digital Marketing",4,2026-T1,3,18.0,3,140,1.5,2,0.0,2,0.0,1,2,4,3,41.4,58.4,HIGH
UTB-LEC-013,BA Hotel & Restaurant Management,FULL_TIME,9,Front Office & Revenue Management,"Customer Relationship Management, Digital Marketing",4,2026-T1,4,17.4,3,140,2.0,2,12.0,0,0.9,0,3,2,5,50.1,56.7,HIGH
UTB-LEC-013,BA Hotel & Restaurant Management,FULL_TIME,9,Front Office & Revenue Management,"Customer Relationship Management, Digital Marketing",4,2026-T1,5,17.3,3,140,1.5,3,0.0,1,6.9,3,4,9,4,42.9,74.7,HIGH
UTB-LEC-013,BA Hotel & Restaurant Management,FULL_TIME,9,Front Office & Revenue Management,"Customer Relationship Management, Digital Marketing",4,2026-T1,6,18.3,3,140,1.5,1,0.0,0,4.6,5,9,8,5,40.0,75.9,CRITICAL
UTB-LEC-013,BA Hotel & Restaurant Management,FULL_TIME,9,Front Office & Revenue Management,"Customer Relationship Management, Digital Marketing",4,2026-T1,7,17.1,3,140,1.5,6,0.0,0,1.9,1,2,4,3,38.6,54.3,MODERATE
UTB-LEC-013,BA Hotel & Restaurant Management,FULL_TIME,9,Front Office & Revenue Management,"Customer Relationship Management, Digital Marketing",4,2026-T1,8,18.0,3,140,1.5,4,8.0,2,2.5,1,0,2,4,52.1,59.8,HIGH
UTB-LEC-013,BA Hotel & Restaurant Management,FULL_TIME,9,Front Office & Revenue Management,"Customer Relationship Management, Digital Marketing",4,2026-T1,9,17.4,3,140,2.5,8,0.0,1,1.3,1,4,2,2,46.0,63.3,HIGH
UTB-LEC-013,BA Hotel & Restaurant Management,FULL_TIME,9,Front Office & Revenue Management,"Customer Relationship Management, Digital Marketing",4,2026-T1,10,17.4,3,140,1.0,5,4.0,0,7.0,5,4,8,2,47.1,86.1,CRITICAL
UTB-LEC-013,BA Hotel & Restaurant Management,FULL_TIME,9,Front Office & Revenue Management,"Customer Relationship Management, Digital Marketing",4,2026-T1,11,17.6,3,140,1.5,5,0.0,0,9.6,9,4,6,5,46.4,71.0,HIGH
UTB-LEC-013,BA Hotel & Restaurant Management,FULL_TIME,9,Front Office & Revenue Management,"Customer Relationship Management, Digital Marketing",4,2026-T2,1,17.9,3,140,2.0,5,0.0,2,0.2,3,0,3,2,44.8,60.7,HIGH
UTB-LEC-013,BA Hotel & Restaurant Management,FULL_TIME,9,Front Office & Revenue Management,"Customer Relationship Management, Digital Marketing",4,2026-T2,2,17.4,3,140,2.0,4,2.0,0,1.9,2,1,2,5,42.6,41.6,MODERATE
UTB-LEC-013,BA Hotel & Restaurant Management,FULL_TIME,9,Front Office & Revenue Management,"Customer Relationship Management, Digital Marketing",4,2026-T2,3,17.8,3,140,2.5,4,0.0,1,1.9,0,1,6,5,46.9,57.6,HIGH
UTB-LEC-013,BA Hotel & Restaurant Management,FULL_TIME,9,Front Office & Revenue Management,"Customer Relationship Management, Digital Marketing",4,2026-T2,4,17.4,3,140,1.0,4,0.0,1,1.8,2,2,6,2,38.4,66.8,HIGH
UTB-LEC-013,BA Hotel & Restaurant Management,FULL_TIME,9,Front Office & Revenue Management,"Customer Relationship Management, Digital Marketing",4,2026-T2,5,18.2,3,140,1.5,1,0.0,0,9.7,9,6,9,5,47.1,83.4,CRITICAL
UTB-LEC-013,BA Hotel & Restaurant Management,FULL_TIME,9,Front Office & Revenue Management,"Customer Relationship Management, Digital Marketing",4,2026-T2,6,17.7,3,140,1.5,0,0.0,1,4.5,9,5,10,5,40.6,77.3,CRITICAL
UTB-LEC-013,BA Hotel & Restaurant Management,FULL_TIME,9,Front Office & Revenue Management,"Customer Relationship Management, Digital Marketing",4,2026-T2,7,17.5,3,140,1.5,2,0.0,1,1.5,2,2,3,5,38.3,46.3,MODERATE
UTB-LEC-013,BA Hotel & Restaurant Management,FULL_TIME,9,Front Office & Revenue Management,"Customer Relationship Management, Digital Marketing",4,2026-T2,8,18.5,3,140,2.0,4,0.0,0,3.6,1,0,2,1,44.3,60.4,HIGH
UTB-LEC-013,BA Hotel & Restaurant Management,FULL_TIME,9,Front Office & Revenue Management,"Customer Relationship Management, Digital Marketing",4,2026-T2,9,18.0,3,140,1.0,4,0.0,1,2.8,2,2,6,3,41.0,62.2,HIGH
UTB-LEC-013,BA Hotel & Restaurant Management,FULL_TIME,9,Front Office & Revenue Management,"Customer Relationship Management, Digital Marketing",4,2026-T2,10,17.5,3,140,2.0,4,0.0,0,5.1,3,7,7,4,44.0,73.0,HIGH
UTB-LEC-013,BA Hotel & Restaurant Management,FULL_TIME,9,Front Office & Revenue Management,"Customer Relationship Management, Digital Marketing",4,2026-T2,11,18.0,3,140,1.5,5,4.0,0,9.5,4,10,10,1,52.5,98.0,CRITICAL
UTB-LEC-014,BA Community Development,FULL_TIME,14,Gender & Social Inclusion Policy,"Quality Assurance, Project Management (PMP)",3,2026-T1,1,12.0,3,144,2.0,2,8.0,2,2.3,3,3,4,3,45.1,63.6,HIGH
UTB-LEC-014,BA Community Development,FULL_TIME,14,Gender & Social Inclusion Policy,"Quality Assurance, Project Management (PMP)",3,2026-T1,2,12.6,3,144,1.5,1,2.0,1,2.7,1,3,5,2,33.2,55.6,HIGH
UTB-LEC-014,BA Community Development,FULL_TIME,14,Gender & Social Inclusion Policy,"Quality Assurance, Project Management (PMP)",3,2026-T1,3,12.7,3,144,1.5,3,0.0,2,2.4,2,4,2,3,35.8,50.3,MODERATE
UTB-LEC-014,BA Community Development,FULL_TIME,14,Gender & Social Inclusion Policy,"Quality Assurance, Project Management (PMP)",3,2026-T1,4,12.5,3,144,1.5,4,0.0,1,2.3,0,4,6,1,32.1,61.5,HIGH
UTB-LEC-014,BA Community Development,FULL_TIME,14,Gender & Social Inclusion Policy,"Quality Assurance, Project Management (PMP)",3,2026-T1,5,12.2,3,144,2.5,3,2.0,1,4.1,8,9,7,5,39.5,72.8,HIGH
UTB-LEC-014,BA Community Development,FULL_TIME,14,Gender & Social Inclusion Policy,"Quality Assurance, Project Management (PMP)",3,2026-T1,6,12.6,3,144,1.5,7,0.0,0,4.7,3,7,7,2,35.4,69.1,HIGH
UTB-LEC-014,BA Community Development,FULL_TIME,14,Gender & Social Inclusion Policy,"Quality Assurance, Project Management (PMP)",3,2026-T1,7,12.5,3,144,1.5,3,0.0,1,0.3,3,0,3,4,31.7,44.4,MODERATE
UTB-LEC-014,BA Community Development,FULL_TIME,14,Gender & Social Inclusion Policy,"Quality Assurance, Project Management (PMP)",3,2026-T1,8,12.9,3,144,2.5,9,0.0,2,2.2,3,2,6,5,40.4,55.3,HIGH
UTB-LEC-014,BA Community Development,FULL_TIME,14,Gender & Social Inclusion Policy,"Quality Assurance, Project Management (PMP)",3,2026-T1,9,13.2,3,144,1.0,7,8.0,0,2.7,2,1,5,1,41.5,64.4,HIGH
UTB-LEC-014,BA Community Development,FULL_TIME,14,Gender & Social Inclusion Policy,"Quality Assurance, Project Management (PMP)",3,2026-T1,10,12.8,3,144,1.5,4,2.0,2,5.2,5,5,9,4,39.6,76.1,CRITICAL
UTB-LEC-014,BA Community Development,FULL_TIME,14,Gender & Social Inclusion Policy,"Quality Assurance, Project Management (PMP)",3,2026-T1,11,12.9,3,144,1.0,4,0.0,0,7.8,5,9,8,1,35.5,82.6,CRITICAL
UTB-LEC-014,BA Community Development,FULL_TIME,14,Gender & Social Inclusion Policy,"Quality Assurance, Project Management (PMP)",3,2026-T2,1,13.1,3,144,2.0,1,2.0,0,3.8,0,1,6,3,35.4,55.1,HIGH
UTB-LEC-014,BA Community Development,FULL_TIME,14,Gender & Social Inclusion Policy,"Quality Assurance, Project Management (PMP)",3,2026-T2,2,11.7,3,144,1.0,6,2.0,0,0.3,2,1,4,3,27.0,46.4,MODERATE
UTB-LEC-014,BA Community Development,FULL_TIME,14,Gender & Social Inclusion Policy,"Quality Assurance, Project Management (PMP)",3,2026-T2,3,13.1,3,144,2.5,6,4.0,2,0.8,3,3,4,4,43.3,61.0,HIGH
UTB-LEC-014,BA Community Development,FULL_TIME,14,Gender & Social Inclusion Policy,"Quality Assurance, Project Management (PMP)",3,2026-T2,4,12.3,3,144,2.0,3,8.0,1,1.2,0,0,5,4,41.8,51.8,MODERATE
UTB-LEC-014,BA Community Development,FULL_TIME,14,Gender & Social Inclusion Policy,"Quality Assurance, Project Management (PMP)",3,2026-T2,5,12.6,3,144,2.0,1,0.0,2,9.9,4,11,10,4,41.9,87.0,CRITICAL
UTB-LEC-014,BA Community Development,FULL_TIME,14,Gender & Social Inclusion Policy,"Quality Assurance, Project Management (PMP)",3,2026-T2,6,11.7,3,144,1.5,3,2.0,1,4.7,9,10,6,5,33.0,66.1,HIGH
UTB-LEC-014,BA Community Development,FULL_TIME,14,Gender & Social Inclusion Policy,"Quality Assurance, Project Management (PMP)",3,2026-T2,7,13.0,3,144,2.0,4,0.0,2,2.7,1,1,4,5,39.2,44.1,MODERATE
UTB-LEC-014,BA Community Development,FULL_TIME,14,Gender & Social Inclusion Policy,"Quality Assurance, Project Management (PMP)",3,2026-T2,8,12.3,3,144,2.0,2,2.0,2,2.2,1,0,3,1,36.5,56.7,HIGH
UTB-LEC-014,BA Community Development,FULL_TIME,14,Gender & Social Inclusion Policy,"Quality Assurance, Project Management (PMP)",3,2026-T2,9,11.8,3,144,1.0,3,2.0,0,2.9,2,0,2,1,30.9,46.8,MODERATE
UTB-LEC-014,BA Community Development,FULL_TIME,14,Gender & Social Inclusion Policy,"Quality Assurance, Project Management (PMP)",3,2026-T2,10,12.0,3,144,1.5,1,2.0,0,7.1,9,8,7,3,34.7,77.4,CRITICAL
UTB-LEC-014,BA Community Development,FULL_TIME,14,Gender & Social Inclusion Policy,"Quality Assurance, Project Management (PMP)",3,2026-T2,11,12.5,3,144,1.5,6,0.0,2,10.0,3,7,9,3,42.6,79.7,CRITICAL
UTB-LEC-015,BSc Travel & Tourism Management,FULL_TIME,2,Tour Operations & Package Design,"Project Management (PMP), Digital Marketing",5,2026-T1,1,18.0,4,255,1.5,8,4.0,2,3.5,2,4,5,3,54.8,77.1,CRITICAL
UTB-LEC-015,BSc Travel & Tourism Management,FULL_TIME,2,Tour Operations & Package Design,"Project Management (PMP), Digital Marketing",5,2026-T1,2,17.0,4,255,2.5,2,2.0,0,3.3,0,0,6,3,54.2,71.0,HIGH
UTB-LEC-015,BSc Travel & Tourism Management,FULL_TIME,2,Tour Operations & Package Design,"Project Management (PMP), Digital Marketing",5,2026-T1,3,18.7,4,255,2.5,8,0.0,2,3.6,0,2,5,1,59.6,83.5,CRITICAL
UTB-LEC-015,BSc Travel & Tourism Management,FULL_TIME,2,Tour Operations & Package Design,"Project Management (PMP), Digital Marketing",5,2026-T1,4,17.9,4,255,1.0,6,2.0,1,0.7,1,4,3,2,45.4,64.1,HIGH
UTB-LEC-015,BSc Travel & Tourism Management,FULL_TIME,2,Tour Operations & Package Design,"Project Management (PMP), Digital Marketing",5,2026-T1,5,17.5,4,255,2.0,12,0.0,0,4.9,9,8,6,3,53.4,87.6,CRITICAL
UTB-LEC-015,BSc Travel & Tourism Management,FULL_TIME,2,Tour Operations & Package Design,"Project Management (PMP), Digital Marketing",5,2026-T1,6,18.1,4,255,2.0,4,0.0,0,6.2,11,11,8,1,51.4,98.0,CRITICAL
UTB-LEC-015,BSc Travel & Tourism Management,FULL_TIME,2,Tour Operations & Package Design,"Project Management (PMP), Digital Marketing",5,2026-T1,7,17.0,4,255,2.0,3,4.0,0,1.5,2,4,6,4,49.1,69.2,HIGH
UTB-LEC-015,BSc Travel & Tourism Management,FULL_TIME,2,Tour Operations & Package Design,"Project Management (PMP), Digital Marketing",5,2026-T1,8,18.7,4,255,1.0,2,4.0,1,3.0,3,1,6,4,47.3,66.6,HIGH
UTB-LEC-015,BSc Travel & Tourism Management,FULL_TIME,2,Tour Operations & Package Design,"Project Management (PMP), Digital Marketing",5,2026-T1,9,17.6,4,255,2.0,3,0.0,0,3.8,2,3,5,3,48.7,67.7,HIGH
UTB-LEC-015,BSc Travel & Tourism Management,FULL_TIME,2,Tour Operations & Package Design,"Project Management (PMP), Digital Marketing",5,2026-T1,10,18.2,4,255,1.5,6,4.0,0,9.0,3,5,8,4,57.1,88.1,CRITICAL
UTB-LEC-015,BSc Travel & Tourism Management,FULL_TIME,2,Tour Operations & Package Design,"Project Management (PMP), Digital Marketing",5,2026-T1,11,17.5,4,255,1.5,2,0.0,1,8.5,10,8,6,4,50.6,89.4,CRITICAL
UTB-LEC-015,BSc Travel & Tourism Management,FULL_TIME,2,Tour Operations & Package Design,"Project Management (PMP), Digital Marketing",5,2026-T2,1,18.2,4,255,1.5,7,4.0,1,2.4,1,1,2,5,54.0,58.1,HIGH
UTB-LEC-015,BSc Travel & Tourism Management,FULL_TIME,2,Tour Operations & Package Design,"Project Management (PMP), Digital Marketing",5,2026-T2,2,18.2,4,255,1.5,5,2.0,1,0.2,3,3,3,4,48.1,62.2,HIGH
UTB-LEC-015,BSc Travel & Tourism Management,FULL_TIME,2,Tour Operations & Package Design,"Project Management (PMP), Digital Marketing",5,2026-T2,3,17.7,4,255,1.5,4,0.0,0,2.1,3,4,6,3,44.7,70.1,HIGH
UTB-LEC-015,BSc Travel & Tourism Management,FULL_TIME,2,Tour Operations & Package Design,"Project Management (PMP), Digital Marketing",5,2026-T2,4,17.0,4,255,2.0,4,0.0,0,0.7,2,4,4,5,45.8,61.0,HIGH
UTB-LEC-015,BSc Travel & Tourism Management,FULL_TIME,2,Tour Operations & Package Design,"Project Management (PMP), Digital Marketing",5,2026-T2,5,18.7,4,255,2.0,3,2.0,0,5.6,9,9,7,3,53.6,93.9,CRITICAL
UTB-LEC-015,BSc Travel & Tourism Management,FULL_TIME,2,Tour Operations & Package Design,"Project Management (PMP), Digital Marketing",5,2026-T2,6,17.2,4,255,2.0,7,0.0,1,9.4,7,9,7,3,58.1,95.0,CRITICAL
UTB-LEC-015,BSc Travel & Tourism Management,FULL_TIME,2,Tour Operations & Package Design,"Project Management (PMP), Digital Marketing",5,2026-T2,7,18.5,4,255,1.5,4,8.0,2,1.5,3,4,6,1,57.7,87.3,CRITICAL
UTB-LEC-015,BSc Travel & Tourism Management,FULL_TIME,2,Tour Operations & Package Design,"Project Management (PMP), Digital Marketing",5,2026-T2,8,16.9,4,255,1.5,2,0.0,1,3.7,3,1,3,5,47.6,55.4,HIGH
UTB-LEC-015,BSc Travel & Tourism Management,FULL_TIME,2,Tour Operations & Package Design,"Project Management (PMP), Digital Marketing",5,2026-T2,9,17.3,4,255,1.5,3,4.0,0,0.3,2,1,2,2,44.0,58.1,HIGH
UTB-LEC-015,BSc Travel & Tourism Management,FULL_TIME,2,Tour Operations & Package Design,"Project Management (PMP), Digital Marketing",5,2026-T2,10,16.9,4,255,1.0,3,0.0,1,8.3,9,8,6,2,45.3,83.4,CRITICAL
UTB-LEC-015,BSc Travel & Tourism Management,FULL_TIME,2,Tour Operations & Package Design,"Project Management (PMP), Digital Marketing",5,2026-T2,11,17.1,4,255,1.5,7,2.0,0,10.0,9,7,7,1,54.0,96.1,CRITICAL
UTB-LEC-016,Bachelor of Business Management,FULL_TIME,7,Marketing Strategy & Consumer Behavior,"Customer Relationship Management, Research Methodology",5,2026-T1,1,17.4,3,170,1.0,6,0.0,0,0.9,2,4,4,2,35.8,60.4,HIGH
UTB-LEC-016,Bachelor of Business Management,FULL_TIME,7,Marketing Strategy & Consumer Behavior,"Customer Relationship Management, Research Methodology",5,2026-T1,2,18.2,3,170,2.0,4,8.0,1,2.1,3,4,4,3,52.6,71.6,HIGH
UTB-LEC-016,Bachelor of Business Management,FULL_TIME,7,Marketing Strategy & Consumer Behavior,"Customer Relationship Management, Research Methodology",5,2026-T1,3,18.6,3,170,1.5,5,8.0,0,2.5,2,3,6,4,50.7,71.5,HIGH
UTB-LEC-016,Bachelor of Business Management,FULL_TIME,7,Marketing Strategy & Consumer Behavior,"Customer Relationship Management, Research Methodology",5,2026-T1,4,17.7,3,170,1.0,3,4.0,0,1.2,1,4,2,2,39.0,59.7,HIGH
UTB-LEC-016,Bachelor of Business Management,FULL_TIME,7,Marketing Strategy & Consumer Behavior,"Customer Relationship Management, Research Methodology",5,2026-T1,5,18.9,3,170,1.5,4,0.0,0,8.2,3,10,10,4,48.0,89.2,CRITICAL
UTB-LEC-016,Bachelor of Business Management,FULL_TIME,7,Marketing Strategy & Consumer Behavior,"Customer Relationship Management, Research Methodology",5,2026-T1,6,17.9,3,170,1.5,3,2.0,0,7.8,7,6,10,1,47.2,95.2,CRITICAL
UTB-LEC-016,Bachelor of Business Management,FULL_TIME,7,Marketing Strategy & Consumer Behavior,"Customer Relationship Management, Research Methodology",5,2026-T1,7,17.6,3,170,2.5,3,0.0,2,1.2,3,4,2,2,49.3,69.8,HIGH
UTB-LEC-016,Bachelor of Business Management,FULL_TIME,7,Marketing Strategy & Consumer Behavior,"Customer Relationship Management, Research Methodology",5,2026-T1,8,17.9,3,170,2.0,5,0.0,2,2.0,0,3,3,1,48.0,71.8,HIGH
UTB-LEC-016,Bachelor of Business Management,FULL_TIME,7,Marketing Strategy & Consumer Behavior,"Customer Relationship Management, Research Methodology",5,2026-T1,9,18.7,3,170,2.0,4,0.0,0,1.9,3,3,4,4,44.5,59.7,HIGH
UTB-LEC-016,Bachelor of Business Management,FULL_TIME,7,Marketing Strategy & Consumer Behavior,"Customer Relationship Management, Research Methodology",5,2026-T1,10,18.2,3,170,1.0,7,0.0,0,5.7,7,8,7,3,43.3,82.5,CRITICAL
UTB-LEC-016,Bachelor of Business Management,FULL_TIME,7,Marketing Strategy & Consumer Behavior,"Customer Relationship Management, Research Methodology",5,2026-T1,11,19.0,3,170,1.5,3,2.0,0,6.7,9,8,7,5,48.2,81.2,CRITICAL
UTB-LEC-016,Bachelor of Business Management,FULL_TIME,7,Marketing Strategy & Consumer Behavior,"Customer Relationship Management, Research Methodology",5,2026-T2,1,17.2,3,170,1.0,2,2.0,2,2.4,1,3,4,5,42.0,50.2,MODERATE
UTB-LEC-016,Bachelor of Business Management,FULL_TIME,7,Marketing Strategy & Consumer Behavior,"Customer Relationship Management, Research Methodology",5,2026-T2,2,18.9,3,170,2.0,3,0.0,0,3.8,2,4,5,5,46.3,64.1,HIGH
UTB-LEC-016,Bachelor of Business Management,FULL_TIME,7,Marketing Strategy & Consumer Behavior,"Customer Relationship Management, Research Methodology",5,2026-T2,3,18.2,3,170,2.0,4,0.0,2,1.8,2,0,2,3,46.4,52.6,MODERATE
UTB-LEC-016,Bachelor of Business Management,FULL_TIME,7,Marketing Strategy & Consumer Behavior,"Customer Relationship Management, Research Methodology",5,2026-T2,4,18.7,3,170,2.0,2,0.0,0,2.7,2,2,3,4,43.0,55.8,HIGH
UTB-LEC-016,Bachelor of Business Management,FULL_TIME,7,Marketing Strategy & Consumer Behavior,"Customer Relationship Management, Research Methodology",5,2026-T2,5,18.8,3,170,2.5,1,0.0,2,9.3,9,4,10,5,56.9,87.7,CRITICAL
UTB-LEC-016,Bachelor of Business Management,FULL_TIME,7,Marketing Strategy & Consumer Behavior,"Customer Relationship Management, Research Methodology",5,2026-T2,6,18.5,3,170,1.5,2,4.0,0,7.7,11,6,6,1,49.8,94.6,CRITICAL
UTB-LEC-016,Bachelor of Business Management,FULL_TIME,7,Marketing Strategy & Consumer Behavior,"Customer Relationship Management, Research Methodology",5,2026-T2,7,18.7,3,170,1.5,3,0.0,0,3.2,2,4,2,2,43.2,64.1,HIGH
UTB-LEC-016,Bachelor of Business Management,FULL_TIME,7,Marketing Strategy & Consumer Behavior,"Customer Relationship Management, Research Methodology",5,2026-T2,8,18.8,3,170,1.5,3,0.0,1,1.5,3,1,3,2,42.0,56.9,HIGH
UTB-LEC-016,Bachelor of Business Management,FULL_TIME,7,Marketing Strategy & Consumer Behavior,"Customer Relationship Management, Research Methodology",5,2026-T2,9,18.9,3,170,2.5,2,0.0,0,1.3,0,3,4,1,43.8,65.2,HIGH
UTB-LEC-016,Bachelor of Business Management,FULL_TIME,7,Marketing Strategy & Consumer Behavior,"Customer Relationship Management, Research Methodology",5,2026-T2,10,18.0,3,170,1.5,6,4.0,0,5.9,4,5,9,2,49.5,87.2,CRITICAL
UTB-LEC-016,Bachelor of Business Management,FULL_TIME,7,Marketing Strategy & Consumer Behavior,"Customer Relationship Management, Research Methodology",5,2026-T2,11,18.5,3,170,1.5,3,0.0,0,6.5,8,5,8,5,44.3,75.1,CRITICAL
UTB-LEC-017,BSc Information Technology,FULL_TIME,15,Cloud Computing & DevOps,"Data Analysis with Python, Research Methodology",4,2026-T1,1,15.7,2,140,2.0,5,0.0,0,2.0,0,2,6,4,37.2,55.0,MODERATE
UTB-LEC-017,BSc Information Technology,FULL_TIME,15,Cloud Computing & DevOps,"Data Analysis with Python, Research Methodology",4,2026-T1,2,15.7,2,140,1.0,2,0.0,0,0.7,1,0,2,3,30.8,42.4,MODERATE
UTB-LEC-017,BSc Information Technology,FULL_TIME,15,Cloud Computing & DevOps,"Data Analysis with Python, Research Methodology",4,2026-T1,3,14.4,2,140,2.0,6,2.0,1,3.9,3,1,6,5,44.2,59.7,HIGH
UTB-LEC-017,BSc Information Technology,FULL_TIME,15,Cloud Computing & DevOps,"Data Analysis with Python, Research Methodology",4,2026-T1,4,14.5,2,140,1.5,3,2.0,0,1.8,3,1,4,1,33.0,58.1,HIGH
UTB-LEC-017,BSc Information Technology,FULL_TIME,15,Cloud Computing & DevOps,"Data Analysis with Python, Research Methodology",4,2026-T1,5,15.1,2,140,1.0,3,0.0,1,7.7,9,6,7,1,41.3,79.9,CRITICAL
UTB-LEC-017,BSc Information Technology,FULL_TIME,15,Cloud Computing & DevOps,"Data Analysis with Python, Research Methodology",4,2026-T1,6,14.2,2,140,2.0,4,0.0,0,6.6,7,8,7,2,37.4,83.5,CRITICAL
UTB-LEC-017,BSc Information Technology,FULL_TIME,15,Cloud Computing & DevOps,"Data Analysis with Python, Research Methodology",4,2026-T1,7,14.4,2,140,2.0,1,0.0,0,3.0,0,4,6,2,36.0,62.9,HIGH
UTB-LEC-017,BSc Information Technology,FULL_TIME,15,Cloud Computing & DevOps,"Data Analysis with Python, Research Methodology",4,2026-T1,8,16.1,2,140,1.5,5,2.0,2,2.9,3,2,6,3,44.3,68.5,HIGH
UTB-LEC-017,BSc Information Technology,FULL_TIME,15,Cloud Computing & DevOps,"Data Analysis with Python, Research Methodology",4,2026-T1,9,16.1,2,140,2.5,7,0.0,0,3.3,2,3,3,5,42.4,52.0,MODERATE
UTB-LEC-017,BSc Information Technology,FULL_TIME,15,Cloud Computing & DevOps,"Data Analysis with Python, Research Methodology",4,2026-T1,10,15.0,2,140,1.5,3,0.0,1,6.4,4,7,10,5,39.1,77.2,CRITICAL
UTB-LEC-017,BSc Information Technology,FULL_TIME,15,Cloud Computing & DevOps,"Data Analysis with Python, Research Methodology",4,2026-T1,11,14.3,2,140,1.5,8,8.0,0,7.6,3,11,9,1,47.4,98.0,CRITICAL
UTB-LEC-017,BSc Information Technology,FULL_TIME,15,Cloud Computing & DevOps,"Data Analysis with Python, Research Methodology",4,2026-T2,1,14.4,2,140,2.5,9,0.0,2,3.0,2,4,5,1,45.1,73.1,HIGH
UTB-LEC-017,BSc Information Technology,FULL_TIME,15,Cloud Computing & DevOps,"Data Analysis with Python, Research Methodology",4,2026-T2,2,15.8,2,140,1.5,2,0.0,1,2.4,0,0,6,5,37.3,50.5,MODERATE
UTB-LEC-017,BSc Information Technology,FULL_TIME,15,Cloud Computing & DevOps,"Data Analysis with Python, Research Methodology",4,2026-T2,3,14.7,2,140,2.0,3,4.0,1,3.0,1,0,4,5,43.2,52.1,MODERATE
UTB-LEC-017,BSc Information Technology,FULL_TIME,15,Cloud Computing & DevOps,"Data Analysis with Python, Research Methodology",4,2026-T2,4,15.8,2,140,1.0,3,0.0,0,3.4,0,3,5,3,35.0,52.9,MODERATE
UTB-LEC-017,BSc Information Technology,FULL_TIME,15,Cloud Computing & DevOps,"Data Analysis with Python, Research Methodology",4,2026-T2,5,14.3,2,140,1.5,3,4.0,1,9.5,10,10,9,2,47.6,98.0,CRITICAL
UTB-LEC-017,BSc Information Technology,FULL_TIME,15,Cloud Computing & DevOps,"Data Analysis with Python, Research Methodology",4,2026-T2,6,14.8,2,140,1.5,5,4.0,0,9.9,5,8,7,2,46.3,86.8,CRITICAL
UTB-LEC-017,BSc Information Technology,FULL_TIME,15,Cloud Computing & DevOps,"Data Analysis with Python, Research Methodology",4,2026-T2,7,16.1,2,140,2.0,1,0.0,1,0.8,0,3,5,3,37.7,56.1,HIGH
UTB-LEC-017,BSc Information Technology,FULL_TIME,15,Cloud Computing & DevOps,"Data Analysis with Python, Research Methodology",4,2026-T2,8,14.6,2,140,1.0,2,0.0,0,3.7,3,3,6,4,30.8,55.1,HIGH
UTB-LEC-017,BSc Information Technology,FULL_TIME,15,Cloud Computing & DevOps,"Data Analysis with Python, Research Methodology",4,2026-T2,9,14.2,2,140,1.5,3,0.0,1,2.3,3,3,2,2,33.8,54.0,MODERATE
UTB-LEC-017,BSc Information Technology,FULL_TIME,15,Cloud Computing & DevOps,"Data Analysis with Python, Research Methodology",4,2026-T2,10,15.8,2,140,1.0,7,4.0,1,9.5,5,6,9,1,49.4,93.9,CRITICAL
UTB-LEC-017,BSc Information Technology,FULL_TIME,15,Cloud Computing & DevOps,"Data Analysis with Python, Research Methodology",4,2026-T2,11,14.7,2,140,1.0,1,2.0,0,6.1,4,9,7,4,37.1,72.0,HIGH
UTB-LEC-018,BSc Computer Engineering,PART_TIME,4,Full-Stack Software Architecture,"Project Management (PMP), Research Methodology",2,2026-T1,1,6.9,2,84,2.0,3,0.0,0,3.7,3,3,5,1,20.6,50.9,MODERATE
UTB-LEC-018,BSc Computer Engineering,PART_TIME,4,Full-Stack Software Architecture,"Project Management (PMP), Research Methodology",2,2026-T1,2,6.9,2,84,2.0,1,0.0,1,0.4,0,4,3,3,18.4,38.5,MODERATE
UTB-LEC-018,BSc Computer Engineering,PART_TIME,4,Full-Stack Software Architecture,"Project Management (PMP), Research Methodology",2,2026-T1,3,6.5,2,84,1.0,0,0.0,0,3.1,3,3,3,2,17.1,41.8,MODERATE
UTB-LEC-018,BSc Computer Engineering,PART_TIME,4,Full-Stack Software Architecture,"Project Management (PMP), Research Methodology",2,2026-T1,4,6.7,2,84,1.5,2,0.0,0,4.0,0,2,3,1,19.3,43.0,MODERATE
UTB-LEC-018,BSc Computer Engineering,PART_TIME,4,Full-Stack Software Architecture,"Project Management (PMP), Research Methodology",2,2026-T1,5,7.6,2,84,2.0,0,0.0,2,7.8,4,8,9,3,26.9,68.1,HIGH
UTB-LEC-018,BSc Computer Engineering,PART_TIME,4,Full-Stack Software Architecture,"Project Management (PMP), Research Methodology",2,2026-T1,6,6.7,2,84,2.0,2,0.0,1,9.8,4,4,8,3,27.3,65.8,HIGH
UTB-LEC-018,BSc Computer Engineering,PART_TIME,4,Full-Stack Software Architecture,"Project Management (PMP), Research Methodology",2,2026-T1,7,7.4,2,84,1.0,1,0.0,2,2.9,2,3,4,2,21.2,43.3,MODERATE
UTB-LEC-018,BSc Computer Engineering,PART_TIME,4,Full-Stack Software Architecture,"Project Management (PMP), Research Methodology",2,2026-T1,8,7.2,2,84,1.0,0,0.0,1,2.4,0,1,6,1,17.0,45.3,MODERATE
UTB-LEC-018,BSc Computer Engineering,PART_TIME,4,Full-Stack Software Architecture,"Project Management (PMP), Research Methodology",2,2026-T1,9,7.6,2,84,1.5,0,0.0,0,1.9,2,0,2,2,19.6,33.5,LOW
UTB-LEC-018,BSc Computer Engineering,PART_TIME,4,Full-Stack Software Architecture,"Project Management (PMP), Research Methodology",2,2026-T1,10,7.5,2,84,1.5,1,0.0,2,5.3,3,10,7,4,26.3,66.9,HIGH
UTB-LEC-018,BSc Computer Engineering,PART_TIME,4,Full-Stack Software Architecture,"Project Management (PMP), Research Methodology",2,2026-T1,11,6.6,2,84,1.5,0,0.0,0,7.7,4,4,6,1,21.8,55.2,HIGH
UTB-LEC-018,BSc Computer Engineering,PART_TIME,4,Full-Stack Software Architecture,"Project Management (PMP), Research Methodology",2,2026-T2,1,8.2,2,84,2.0,2,0.0,1,2.1,1,2,3,3,21.5,36.2,MODERATE
UTB-LEC-018,BSc Computer Engineering,PART_TIME,4,Full-Stack Software Architecture,"Project Management (PMP), Research Methodology",2,2026-T2,2,8.3,2,84,2.5,0,0.0,0,3.1,0,3,4,4,22.4,37.2,MODERATE
UTB-LEC-018,BSc Computer Engineering,PART_TIME,4,Full-Stack Software Architecture,"Project Management (PMP), Research Methodology",2,2026-T2,3,6.9,2,84,2.5,0,0.0,0,4.0,2,3,3,4,20.4,35.0,LOW
UTB-LEC-018,BSc Computer Engineering,PART_TIME,4,Full-Stack Software Architecture,"Project Management (PMP), Research Methodology",2,2026-T2,4,7.8,2,84,1.5,2,0.0,1,2.7,3,1,4,1,22.2,45.6,MODERATE
UTB-LEC-018,BSc Computer Engineering,PART_TIME,4,Full-Stack Software Architecture,"Project Management (PMP), Research Methodology",2,2026-T2,5,8.2,2,84,2.0,2,0.0,0,4.7,7,4,8,5,25.0,57.3,HIGH
UTB-LEC-018,BSc Computer Engineering,PART_TIME,4,Full-Stack Software Architecture,"Project Management (PMP), Research Methodology",2,2026-T2,6,7.0,2,84,1.5,0,0.0,2,5.3,9,7,10,3,22.4,72.8,HIGH
UTB-LEC-018,BSc Computer Engineering,PART_TIME,4,Full-Stack Software Architecture,"Project Management (PMP), Research Methodology",2,2026-T2,7,8.3,2,84,1.5,0,0.0,0,3.9,1,4,5,2,21.1,47.5,MODERATE
UTB-LEC-018,BSc Computer Engineering,PART_TIME,4,Full-Stack Software Architecture,"Project Management (PMP), Research Methodology",2,2026-T2,8,7.0,2,84,2.5,0,0.0,1,2.9,0,4,6,2,21.7,52.2,MODERATE
UTB-LEC-018,BSc Computer Engineering,PART_TIME,4,Full-Stack Software Architecture,"Project Management (PMP), Research Methodology",2,2026-T2,9,7.0,2,84,2.0,1,0.0,2,3.4,0,2,4,4,24.7,41.8,MODERATE
UTB-LEC-018,BSc Computer Engineering,PART_TIME,4,Full-Stack Software Architecture,"Project Management (PMP), Research Methodology",2,2026-T2,10,6.9,2,84,1.0,1,0.0,1,7.7,8,6,9,2,24.8,72.2,HIGH
UTB-LEC-018,BSc Computer Engineering,PART_TIME,4,Full-Stack Software Architecture,"Project Management (PMP), Research Methodology",2,2026-T2,11,6.9,2,84,1.5,0,0.0,1,4.6,9,4,9,2,19.9,67.1,HIGH
UTB-LEC-019,BSc Transport & Logistics Mgmt,FULL_TIME,2,Supply Chain Risk & Resilience,"GIS & Spatial Mapping, Digital Marketing",3,2026-T1,1,12.3,2,102,2.0,3,2.0,1,0.5,3,1,5,1,29.7,55.9,HIGH
UTB-LEC-019,BSc Transport & Logistics Mgmt,FULL_TIME,2,Supply Chain Risk & Resilience,"GIS & Spatial Mapping, Digital Marketing",3,2026-T1,2,12.6,2,102,1.5,2,0.0,1,3.2,1,2,6,5,31.3,48.0,MODERATE
UTB-LEC-019,BSc Transport & Logistics Mgmt,FULL_TIME,2,Supply Chain Risk & Resilience,"GIS & Spatial Mapping, Digital Marketing",3,2026-T1,3,13.7,2,102,2.0,3,0.0,0,2.2,1,3,3,3,33.9,53.8,MODERATE
UTB-LEC-019,BSc Transport & Logistics Mgmt,FULL_TIME,2,Supply Chain Risk & Resilience,"GIS & Spatial Mapping, Digital Marketing",3,2026-T1,4,12.6,2,102,1.5,4,2.0,0,1.5,1,2,2,4,29.6,41.2,MODERATE
UTB-LEC-019,BSc Transport & Logistics Mgmt,FULL_TIME,2,Supply Chain Risk & Resilience,"GIS & Spatial Mapping, Digital Marketing",3,2026-T1,5,13.0,2,102,1.5,5,0.0,0,4.3,4,10,7,4,32.9,69.0,HIGH
UTB-LEC-019,BSc Transport & Logistics Mgmt,FULL_TIME,2,Supply Chain Risk & Resilience,"GIS & Spatial Mapping, Digital Marketing",3,2026-T1,6,13.0,2,102,1.5,3,0.0,2,6.7,11,7,9,1,37.6,92.9,CRITICAL
UTB-LEC-019,BSc Transport & Logistics Mgmt,FULL_TIME,2,Supply Chain Risk & Resilience,"GIS & Spatial Mapping, Digital Marketing",3,2026-T1,7,12.5,2,102,1.0,2,0.0,0,1.5,2,2,6,2,23.5,55.9,HIGH
UTB-LEC-019,BSc Transport & Logistics Mgmt,FULL_TIME,2,Supply Chain Risk & Resilience,"GIS & Spatial Mapping, Digital Marketing",3,2026-T1,8,13.8,2,102,2.0,1,12.0,0,3.0,2,4,3,4,43.1,57.6,HIGH
UTB-LEC-019,BSc Transport & Logistics Mgmt,FULL_TIME,2,Supply Chain Risk & Resilience,"GIS & Spatial Mapping, Digital Marketing",3,2026-T1,9,12.0,2,102,1.0,4,2.0,2,3.0,2,0,4,4,30.6,42.2,MODERATE
UTB-LEC-019,BSc Transport & Logistics Mgmt,FULL_TIME,2,Supply Chain Risk & Resilience,"GIS & Spatial Mapping, Digital Marketing",3,2026-T1,10,13.8,2,102,1.0,3,0.0,0,6.8,4,4,6,5,34.7,54.3,MODERATE
UTB-LEC-019,BSc Transport & Logistics Mgmt,FULL_TIME,2,Supply Chain Risk & Resilience,"GIS & Spatial Mapping, Digital Marketing",3,2026-T1,11,12.9,2,102,1.5,2,0.0,0,8.7,3,11,8,3,34.0,77.6,CRITICAL
UTB-LEC-019,BSc Transport & Logistics Mgmt,FULL_TIME,2,Supply Chain Risk & Resilience,"GIS & Spatial Mapping, Digital Marketing",3,2026-T2,1,13.7,2,102,1.0,4,0.0,0,2.4,2,3,6,2,29.8,59.7,HIGH
UTB-LEC-019,BSc Transport & Logistics Mgmt,FULL_TIME,2,Supply Chain Risk & Resilience,"GIS & Spatial Mapping, Digital Marketing",3,2026-T2,2,12.4,2,102,2.5,3,0.0,0,1.1,0,0,3,5,29.5,37.0,MODERATE
UTB-LEC-019,BSc Transport & Logistics Mgmt,FULL_TIME,2,Supply Chain Risk & Resilience,"GIS & Spatial Mapping, Digital Marketing",3,2026-T2,3,13.0,2,102,2.5,4,2.0,0,0.7,2,3,3,2,34.8,55.6,HIGH
UTB-LEC-019,BSc Transport & Logistics Mgmt,FULL_TIME,2,Supply Chain Risk & Resilience,"GIS & Spatial Mapping, Digital Marketing",3,2026-T2,4,13.4,2,102,2.0,3,0.0,0,3.2,3,4,5,4,34.4,57.5,HIGH
UTB-LEC-019,BSc Transport & Logistics Mgmt,FULL_TIME,2,Supply Chain Risk & Resilience,"GIS & Spatial Mapping, Digital Marketing",3,2026-T2,5,13.2,2,102,2.0,3,4.0,0,4.7,3,11,8,4,36.1,78.1,CRITICAL
UTB-LEC-019,BSc Transport & Logistics Mgmt,FULL_TIME,2,Supply Chain Risk & Resilience,"GIS & Spatial Mapping, Digital Marketing",3,2026-T2,6,13.7,2,102,1.0,6,0.0,0,7.5,3,5,10,5,35.6,66.1,HIGH
UTB-LEC-019,BSc Transport & Logistics Mgmt,FULL_TIME,2,Supply Chain Risk & Resilience,"GIS & Spatial Mapping, Digital Marketing",3,2026-T2,7,12.0,2,102,1.5,6,2.0,0,3.9,2,2,6,3,32.2,58.4,HIGH
UTB-LEC-019,BSc Transport & Logistics Mgmt,FULL_TIME,2,Supply Chain Risk & Resilience,"GIS & Spatial Mapping, Digital Marketing",3,2026-T2,8,12.8,2,102,1.5,6,0.0,0,2.1,3,1,5,5,30.2,43.5,MODERATE
UTB-LEC-019,BSc Transport & Logistics Mgmt,FULL_TIME,2,Supply Chain Risk & Resilience,"GIS & Spatial Mapping, Digital Marketing",3,2026-T2,9,12.9,2,102,1.5,2,0.0,1,2.7,0,1,2,4,29.3,36.4,MODERATE
UTB-LEC-019,BSc Transport & Logistics Mgmt,FULL_TIME,2,Supply Chain Risk & Resilience,"GIS & Spatial Mapping, Digital Marketing",3,2026-T2,10,13.4,2,102,1.0,5,0.0,2,6.8,10,9,9,1,38.1,91.5,CRITICAL
UTB-LEC-019,BSc Transport & Logistics Mgmt,FULL_TIME,2,Supply Chain Risk & Resilience,"GIS & Spatial Mapping, Digital Marketing",3,2026-T2,11,12.8,2,102,1.5,3,0.0,0,9.5,11,4,10,4,36.5,79.6,CRITICAL
UTB-LEC-020,BA Hotel & Restaurant Management,FULL_TIME,10,Culinary Arts & Kitchen Operations,"Customer Relationship Management, Public Speaking & Pedagogy",5,2026-T1,1,20.8,2,245,2.0,3,0.0,1,2.1,2,2,6,3,53.4,71.6,HIGH
UTB-LEC-020,BA Hotel & Restaurant Management,FULL_TIME,10,Culinary Arts & Kitchen Operations,"Customer Relationship Management, Public Speaking & Pedagogy",5,2026-T1,2,20.3,2,245,1.5,4,4.0,0,3.3,0,4,2,4,53.2,64.0,HIGH
UTB-LEC-020,BA Hotel & Restaurant Management,FULL_TIME,10,Culinary Arts & Kitchen Operations,"Customer Relationship Management, Public Speaking & Pedagogy",5,2026-T1,3,20.8,2,245,1.5,3,0.0,0,2.6,3,0,6,2,48.7,72.4,HIGH
UTB-LEC-020,BA Hotel & Restaurant Management,FULL_TIME,10,Culinary Arts & Kitchen Operations,"Customer Relationship Management, Public Speaking & Pedagogy",5,2026-T1,4,20.5,2,245,2.0,1,0.0,0,3.5,1,1,5,2,52.8,71.6,HIGH
UTB-LEC-020,BA Hotel & Restaurant Management,FULL_TIME,10,Culinary Arts & Kitchen Operations,"Customer Relationship Management, Public Speaking & Pedagogy",5,2026-T1,5,20.0,2,245,1.0,7,2.0,0,7.1,10,4,9,5,52.4,85.0,CRITICAL
UTB-LEC-020,BA Hotel & Restaurant Management,FULL_TIME,10,Culinary Arts & Kitchen Operations,"Customer Relationship Management, Public Speaking & Pedagogy",5,2026-T1,6,20.0,2,245,1.0,4,0.0,0,9.0,8,7,7,2,52.3,91.9,CRITICAL
UTB-LEC-020,BA Hotel & Restaurant Management,FULL_TIME,10,Culinary Arts & Kitchen Operations,"Customer Relationship Management, Public Speaking & Pedagogy",5,2026-T1,7,20.7,2,245,1.5,8,2.0,0,3.8,1,2,3,3,53.9,63.1,HIGH
UTB-LEC-020,BA Hotel & Restaurant Management,FULL_TIME,10,Culinary Arts & Kitchen Operations,"Customer Relationship Management, Public Speaking & Pedagogy",5,2026-T1,8,20.7,2,245,1.0,4,0.0,2,0.3,0,3,2,1,46.8,64.3,HIGH
UTB-LEC-020,BA Hotel & Restaurant Management,FULL_TIME,10,Culinary Arts & Kitchen Operations,"Customer Relationship Management, Public Speaking & Pedagogy",5,2026-T1,9,19.6,2,245,1.5,7,0.0,0,2.7,0,2,2,2,48.7,62.2,HIGH
UTB-LEC-020,BA Hotel & Restaurant Management,FULL_TIME,10,Culinary Arts & Kitchen Operations,"Customer Relationship Management, Public Speaking & Pedagogy",5,2026-T1,10,20.8,2,245,2.0,3,0.0,2,6.2,5,10,10,3,60.5,98.0,CRITICAL
UTB-LEC-020,BA Hotel & Restaurant Management,FULL_TIME,10,Culinary Arts & Kitchen Operations,"Customer Relationship Management, Public Speaking & Pedagogy",5,2026-T1,11,19.9,2,245,2.0,2,0.0,1,7.4,8,4,10,2,57.8,98.0,CRITICAL
UTB-LEC-020,BA Hotel & Restaurant Management,FULL_TIME,10,Culinary Arts & Kitchen Operations,"Customer Relationship Management, Public Speaking & Pedagogy",5,2026-T2,1,19.7,2,245,1.5,2,2.0,2,1.0,0,3,2,5,52.2,59.6,HIGH
UTB-LEC-020,BA Hotel & Restaurant Management,FULL_TIME,10,Culinary Arts & Kitchen Operations,"Customer Relationship Management, Public Speaking & Pedagogy",5,2026-T2,2,19.8,2,245,2.0,4,0.0,2,3.3,3,3,6,5,55.5,71.4,HIGH
UTB-LEC-020,BA Hotel & Restaurant Management,FULL_TIME,10,Culinary Arts & Kitchen Operations,"Customer Relationship Management, Public Speaking & Pedagogy",5,2026-T2,3,20.9,2,245,1.5,4,0.0,0,3.7,2,0,5,3,51.1,66.5,HIGH
UTB-LEC-020,BA Hotel & Restaurant Management,FULL_TIME,10,Culinary Arts & Kitchen Operations,"Customer Relationship Management, Public Speaking & Pedagogy",5,2026-T2,4,20.5,2,245,1.5,6,0.0,2,1.0,1,3,6,4,51.7,71.5,HIGH
UTB-LEC-020,BA Hotel & Restaurant Management,FULL_TIME,10,Culinary Arts & Kitchen Operations,"Customer Relationship Management, Public Speaking & Pedagogy",5,2026-T2,5,20.8,2,245,2.0,5,0.0,0,8.0,7,9,7,2,58.1,98.0,CRITICAL
UTB-LEC-020,BA Hotel & Restaurant Management,FULL_TIME,10,Culinary Arts & Kitchen Operations,"Customer Relationship Management, Public Speaking & Pedagogy",5,2026-T2,6,19.7,2,245,2.0,4,0.0,0,8.9,9,6,6,2,57.9,95.3,CRITICAL
UTB-LEC-020,BA Hotel & Restaurant Management,FULL_TIME,10,Culinary Arts & Kitchen Operations,"Customer Relationship Management, Public Speaking & Pedagogy",5,2026-T2,7,20.0,2,245,2.0,4,0.0,0,1.6,2,2,5,2,49.9,69.4,HIGH
UTB-LEC-020,BA Hotel & Restaurant Management,FULL_TIME,10,Culinary Arts & Kitchen Operations,"Customer Relationship Management, Public Speaking & Pedagogy",5,2026-T2,8,19.5,2,245,1.5,5,8.0,0,1.2,1,4,3,1,53.6,74.1,HIGH
UTB-LEC-020,BA Hotel & Restaurant Management,FULL_TIME,10,Culinary Arts & Kitchen Operations,"Customer Relationship Management, Public Speaking & Pedagogy",5,2026-T2,9,20.6,2,245,1.5,3,0.0,2,0.5,3,3,6,3,49.7,75.4,CRITICAL
UTB-LEC-020,BA Hotel & Restaurant Management,FULL_TIME,10,Culinary Arts & Kitchen Operations,"Customer Relationship Management, Public Speaking & Pedagogy",5,2026-T2,10,20.4,2,245,1.0,4,0.0,0,6.1,9,5,8,2,46.9,90.5,CRITICAL
UTB-LEC-020,BA Hotel & Restaurant Management,FULL_TIME,10,Culinary Arts & Kitchen Operations,"Customer Relationship Management, Public Speaking & Pedagogy",5,2026-T2,11,20.6,2,245,1.5,7,0.0,1,4.0,10,10,8,4,54.0,94.4,CRITICAL
UTB-LEC-021,BA Community Development,FULL_TIME,18,Rural Development & Agriculture Economics,"Customer Relationship Management, Research Methodology",3,2026-T1,1,11.8,2,135,1.0,1,0.0,2,0.1,2,4,3,4,26.4,41.9,MODERATE
UTB-LEC-021,BA Community Development,FULL_TIME,18,Rural Development & Agriculture Economics,"Customer Relationship Management, Research Methodology",3,2026-T1,2,11.6,2,135,2.0,7,2.0,2,3.6,0,1,3,5,40.1,41.9,MODERATE
UTB-LEC-021,BA Community Development,FULL_TIME,18,Rural Development & Agriculture Economics,"Customer Relationship Management, Research Methodology",3,2026-T1,3,10.8,2,135,1.0,3,0.0,1,1.8,2,3,2,5,27.6,34.9,LOW
UTB-LEC-021,BA Community Development,FULL_TIME,18,Rural Development & Agriculture Economics,"Customer Relationship Management, Research Methodology",3,2026-T1,4,12.0,2,135,2.5,3,2.0,2,3.5,3,4,3,2,39.4,62.0,HIGH
UTB-LEC-021,BA Community Development,FULL_TIME,18,Rural Development & Agriculture Economics,"Customer Relationship Management, Research Methodology",3,2026-T1,5,11.1,2,135,1.5,6,0.0,1,8.4,6,7,7,1,36.8,79.2,CRITICAL
UTB-LEC-021,BA Community Development,FULL_TIME,18,Rural Development & Agriculture Economics,"Customer Relationship Management, Research Methodology",3,2026-T1,6,10.4,2,135,1.5,5,0.0,1,6.6,5,8,6,1,33.2,74.7,HIGH
UTB-LEC-021,BA Community Development,FULL_TIME,18,Rural Development & Agriculture Economics,"Customer Relationship Management, Research Methodology",3,2026-T1,7,11.3,2,135,2.5,5,0.0,1,3.2,2,0,5,5,36.7,46.8,MODERATE
UTB-LEC-021,BA Community Development,FULL_TIME,18,Rural Development & Agriculture Economics,"Customer Relationship Management, Research Methodology",3,2026-T1,8,11.0,2,135,1.5,7,4.0,0,0.6,1,4,4,5,31.1,45.5,MODERATE
UTB-LEC-021,BA Community Development,FULL_TIME,18,Rural Development & Agriculture Economics,"Customer Relationship Management, Research Methodology",3,2026-T1,9,10.7,2,135,2.5,5,0.0,2,3.1,0,2,2,2,36.1,49.2,MODERATE
UTB-LEC-021,BA Community Development,FULL_TIME,18,Rural Development & Agriculture Economics,"Customer Relationship Management, Research Methodology",3,2026-T1,10,11.7,2,135,1.5,3,4.0,0,4.9,4,11,10,2,35.1,84.5,CRITICAL
UTB-LEC-021,BA Community Development,FULL_TIME,18,Rural Development & Agriculture Economics,"Customer Relationship Management, Research Methodology",3,2026-T1,11,11.6,2,135,1.0,5,0.0,0,4.5,3,4,9,3,30.9,66.0,HIGH
UTB-LEC-021,BA Community Development,FULL_TIME,18,Rural Development & Agriculture Economics,"Customer Relationship Management, Research Methodology",3,2026-T2,1,11.7,2,135,1.5,3,0.0,1,0.5,2,1,3,3,28.1,45.3,MODERATE
UTB-LEC-021,BA Community Development,FULL_TIME,18,Rural Development & Agriculture Economics,"Customer Relationship Management, Research Methodology",3,2026-T2,2,10.8,2,135,2.0,6,4.0,2,0.3,0,4,4,3,36.9,53.3,MODERATE
UTB-LEC-021,BA Community Development,FULL_TIME,18,Rural Development & Agriculture Economics,"Customer Relationship Management, Research Methodology",3,2026-T2,3,11.5,2,135,1.0,5,0.0,0,2.6,0,3,6,4,27.5,51.3,MODERATE
UTB-LEC-021,BA Community Development,FULL_TIME,18,Rural Development & Agriculture Economics,"Customer Relationship Management, Research Methodology",3,2026-T2,4,10.9,2,135,2.0,4,2.0,0,0.0,0,4,2,4,30.1,37.3,MODERATE
UTB-LEC-021,BA Community Development,FULL_TIME,18,Rural Development & Agriculture Economics,"Customer Relationship Management, Research Methodology",3,2026-T2,5,11.6,2,135,2.0,7,0.0,1,5.9,3,6,8,1,35.9,80.8,CRITICAL
UTB-LEC-021,BA Community Development,FULL_TIME,18,Rural Development & Agriculture Economics,"Customer Relationship Management, Research Methodology",3,2026-T2,6,11.7,2,135,2.0,5,0.0,2,4.2,8,11,7,5,37.4,74.7,HIGH
UTB-LEC-021,BA Community Development,FULL_TIME,18,Rural Development & Agriculture Economics,"Customer Relationship Management, Research Methodology",3,2026-T2,7,12.1,2,135,1.5,5,0.0,0,3.6,0,1,2,5,31.9,34.1,LOW
UTB-LEC-021,BA Community Development,FULL_TIME,18,Rural Development & Agriculture Economics,"Customer Relationship Management, Research Methodology",3,2026-T2,8,10.7,2,135,1.0,2,0.0,1,0.8,0,1,4,4,25.4,40.6,MODERATE
UTB-LEC-021,BA Community Development,FULL_TIME,18,Rural Development & Agriculture Economics,"Customer Relationship Management, Research Methodology",3,2026-T2,9,11.2,2,135,1.0,0,4.0,0,1.5,1,3,5,1,28.6,56.8,HIGH
UTB-LEC-021,BA Community Development,FULL_TIME,18,Rural Development & Agriculture Economics,"Customer Relationship Management, Research Methodology",3,2026-T2,10,12.1,2,135,2.5,2,8.0,0,8.0,7,10,9,3,46.3,89.5,CRITICAL
UTB-LEC-021,BA Community Development,FULL_TIME,18,Rural Development & Agriculture Economics,"Customer Relationship Management, Research Methodology",3,2026-T2,11,12.0,2,135,1.5,5,0.0,0,6.9,5,6,7,5,34.9,60.8,HIGH
UTB-LEC-022,BSc Travel & Tourism Management,FULL_TIME,10,Heritage & Cultural Tourism,"Project Management (PMP), Public Speaking & Pedagogy",3,2026-T1,1,9.9,3,93,1.0,5,0.0,1,0.1,0,3,6,5,25.4,42.5,MODERATE
UTB-LEC-022,BSc Travel & Tourism Management,FULL_TIME,10,Heritage & Cultural Tourism,"Project Management (PMP), Public Speaking & Pedagogy",3,2026-T1,2,9.6,3,93,2.0,3,0.0,0,0.3,2,1,5,5,21.4,36.8,MODERATE
UTB-LEC-022,BSc Travel & Tourism Management,FULL_TIME,10,Heritage & Cultural Tourism,"Project Management (PMP), Public Speaking & Pedagogy",3,2026-T1,3,9.7,3,93,1.0,7,2.0,1,3.5,1,1,5,5,29.5,39.8,MODERATE
UTB-LEC-022,BSc Travel & Tourism Management,FULL_TIME,10,Heritage & Cultural Tourism,"Project Management (PMP), Public Speaking & Pedagogy",3,2026-T1,4,11.4,3,93,1.5,5,2.0,0,0.3,1,0,2,3,27.5,39.2,MODERATE
UTB-LEC-022,BSc Travel & Tourism Management,FULL_TIME,10,Heritage & Cultural Tourism,"Project Management (PMP), Public Speaking & Pedagogy",3,2026-T1,5,10.9,3,93,1.0,2,4.0,1,4.8,5,6,9,5,33.4,67.8,HIGH
UTB-LEC-022,BSc Travel & Tourism Management,FULL_TIME,10,Heritage & Cultural Tourism,"Project Management (PMP), Public Speaking & Pedagogy",3,2026-T1,6,9.8,3,93,2.5,5,2.0,1,5.6,8,5,8,1,36.4,83.5,CRITICAL
UTB-LEC-022,BSc Travel & Tourism Management,FULL_TIME,10,Heritage & Cultural Tourism,"Project Management (PMP), Public Speaking & Pedagogy",3,2026-T1,7,9.9,3,93,2.0,3,8.0,1,1.9,1,4,5,2,34.8,57.9,HIGH
UTB-LEC-022,BSc Travel & Tourism Management,FULL_TIME,10,Heritage & Cultural Tourism,"Project Management (PMP), Public Speaking & Pedagogy",3,2026-T1,8,10.1,3,93,1.5,3,0.0,2,3.1,0,2,3,3,30.2,37.4,MODERATE
UTB-LEC-022,BSc Travel & Tourism Management,FULL_TIME,10,Heritage & Cultural Tourism,"Project Management (PMP), Public Speaking & Pedagogy",3,2026-T1,9,10.0,3,93,2.0,5,8.0,0,0.5,2,3,4,5,32.0,42.4,MODERATE
UTB-LEC-022,BSc Travel & Tourism Management,FULL_TIME,10,Heritage & Cultural Tourism,"Project Management (PMP), Public Speaking & Pedagogy",3,2026-T1,10,10.4,3,93,2.0,5,8.0,2,5.0,10,5,10,5,41.3,77.5,CRITICAL
UTB-LEC-022,BSc Travel & Tourism Management,FULL_TIME,10,Heritage & Cultural Tourism,"Project Management (PMP), Public Speaking & Pedagogy",3,2026-T1,11,11.4,3,93,2.5,3,4.0,0,4.7,11,5,7,1,36.3,81.1,CRITICAL
UTB-LEC-022,BSc Travel & Tourism Management,FULL_TIME,10,Heritage & Cultural Tourism,"Project Management (PMP), Public Speaking & Pedagogy",3,2026-T2,1,10.9,3,93,1.5,3,0.0,0,2.1,3,3,4,1,25.1,53.8,MODERATE
UTB-LEC-022,BSc Travel & Tourism Management,FULL_TIME,10,Heritage & Cultural Tourism,"Project Management (PMP), Public Speaking & Pedagogy",3,2026-T2,2,11.4,3,93,1.5,3,2.0,0,0.2,1,0,3,5,25.7,29.3,LOW
UTB-LEC-022,BSc Travel & Tourism Management,FULL_TIME,10,Heritage & Cultural Tourism,"Project Management (PMP), Public Speaking & Pedagogy",3,2026-T2,3,10.6,3,93,1.5,1,0.0,1,3.9,0,1,3,5,27.7,33.6,LOW
UTB-LEC-022,BSc Travel & Tourism Management,FULL_TIME,10,Heritage & Cultural Tourism,"Project Management (PMP), Public Speaking & Pedagogy",3,2026-T2,4,10.8,3,93,1.5,9,2.0,1,0.6,1,4,2,3,30.5,43.5,MODERATE
UTB-LEC-022,BSc Travel & Tourism Management,FULL_TIME,10,Heritage & Cultural Tourism,"Project Management (PMP), Public Speaking & Pedagogy",3,2026-T2,5,10.3,3,93,2.0,2,0.0,1,6.6,10,4,9,2,31.7,77.0,CRITICAL
UTB-LEC-022,BSc Travel & Tourism Management,FULL_TIME,10,Heritage & Cultural Tourism,"Project Management (PMP), Public Speaking & Pedagogy",3,2026-T2,6,10.2,3,93,1.5,6,0.0,0,9.9,8,11,7,2,33.1,80.5,CRITICAL
UTB-LEC-022,BSc Travel & Tourism Management,FULL_TIME,10,Heritage & Cultural Tourism,"Project Management (PMP), Public Speaking & Pedagogy",3,2026-T2,7,10.8,3,93,1.5,2,0.0,1,0.2,2,4,6,3,24.5,53.0,MODERATE
UTB-LEC-022,BSc Travel & Tourism Management,FULL_TIME,10,Heritage & Cultural Tourism,"Project Management (PMP), Public Speaking & Pedagogy",3,2026-T2,8,11.0,3,93,1.5,5,0.0,2,1.1,0,2,2,1,29.7,49.3,MODERATE
UTB-LEC-022,BSc Travel & Tourism Management,FULL_TIME,10,Heritage & Cultural Tourism,"Project Management (PMP), Public Speaking & Pedagogy",3,2026-T2,9,10.5,3,93,1.5,6,2.0,0,1.9,0,1,6,3,26.6,46.1,MODERATE
UTB-LEC-022,BSc Travel & Tourism Management,FULL_TIME,10,Heritage & Cultural Tourism,"Project Management (PMP), Public Speaking & Pedagogy",3,2026-T2,10,11.0,3,93,2.0,3,12.0,0,8.7,8,11,10,5,45.7,87.8,CRITICAL
UTB-LEC-022,BSc Travel & Tourism Management,FULL_TIME,10,Heritage & Cultural Tourism,"Project Management (PMP), Public Speaking & Pedagogy",3,2026-T2,11,10.7,3,93,2.0,1,2.0,1,9.4,5,4,8,5,37.0,69.5,HIGH
UTB-LEC-023,Bachelor of Business Management,PART_TIME,16,Marketing Strategy & Consumer Behavior,"Research Methodology, Public Speaking & Pedagogy",1,2026-T1,1,3.2,1,46,1.5,1,0.0,0,2.1,0,3,4,5,12.0,25.4,LOW
UTB-LEC-023,Bachelor of Business Management,PART_TIME,16,Marketing Strategy & Consumer Behavior,"Research Methodology, Public Speaking & Pedagogy",1,2026-T1,2,4.2,1,46,1.5,1,0.0,0,2.6,3,1,5,3,12.0,35.7,MODERATE
UTB-LEC-023,Bachelor of Business Management,PART_TIME,16,Marketing Strategy & Consumer Behavior,"Research Methodology, Public Speaking & Pedagogy",1,2026-T1,3,3.4,1,46,1.5,0,0.0,0,3.4,2,3,4,1,12.0,43.4,MODERATE
UTB-LEC-023,Bachelor of Business Management,PART_TIME,16,Marketing Strategy & Consumer Behavior,"Research Methodology, Public Speaking & Pedagogy",1,2026-T1,4,4.5,1,46,2.5,0,0.0,1,3.4,3,2,2,3,16.1,31.5,LOW
UTB-LEC-023,Bachelor of Business Management,PART_TIME,16,Marketing Strategy & Consumer Behavior,"Research Methodology, Public Speaking & Pedagogy",1,2026-T1,5,3.9,1,46,2.0,2,0.0,2,10.0,11,8,9,1,23.8,80.4,CRITICAL
UTB-LEC-023,Bachelor of Business Management,PART_TIME,16,Marketing Strategy & Consumer Behavior,"Research Methodology, Public Speaking & Pedagogy",1,2026-T1,6,3.7,1,46,1.5,0,0.0,0,7.9,3,7,6,1,17.7,58.9,HIGH
UTB-LEC-023,Bachelor of Business Management,PART_TIME,16,Marketing Strategy & Consumer Behavior,"Research Methodology, Public Speaking & Pedagogy",1,2026-T1,7,4.7,1,46,1.0,0,0.0,1,1.8,0,4,3,3,12.0,30.9,LOW
UTB-LEC-023,Bachelor of Business Management,PART_TIME,16,Marketing Strategy & Consumer Behavior,"Research Methodology, Public Speaking & Pedagogy",1,2026-T1,8,4.4,1,46,1.5,0,0.0,1,3.5,0,2,6,2,15.0,39.2,MODERATE
UTB-LEC-023,Bachelor of Business Management,PART_TIME,16,Marketing Strategy & Consumer Behavior,"Research Methodology, Public Speaking & Pedagogy",1,2026-T1,9,4.0,1,46,2.0,0,0.0,0,2.0,0,3,6,2,12.0,38.5,MODERATE
UTB-LEC-023,Bachelor of Business Management,PART_TIME,16,Marketing Strategy & Consumer Behavior,"Research Methodology, Public Speaking & Pedagogy",1,2026-T1,10,3.5,1,46,2.0,2,0.0,0,5.1,3,4,10,4,16.1,52.9,MODERATE
UTB-LEC-023,Bachelor of Business Management,PART_TIME,16,Marketing Strategy & Consumer Behavior,"Research Methodology, Public Speaking & Pedagogy",1,2026-T1,11,4.6,1,46,1.5,0,0.0,1,7.4,11,5,7,1,19.5,64.5,HIGH
UTB-LEC-023,Bachelor of Business Management,PART_TIME,16,Marketing Strategy & Consumer Behavior,"Research Methodology, Public Speaking & Pedagogy",1,2026-T2,1,3.9,1,46,1.5,1,0.0,0,3.3,0,2,4,4,12.5,28.7,LOW
UTB-LEC-023,Bachelor of Business Management,PART_TIME,16,Marketing Strategy & Consumer Behavior,"Research Methodology, Public Speaking & Pedagogy",1,2026-T2,2,3.6,1,46,2.0,2,0.0,2,4.0,2,3,3,4,17.7,33.4,LOW
UTB-LEC-023,Bachelor of Business Management,PART_TIME,16,Marketing Strategy & Consumer Behavior,"Research Methodology, Public Speaking & Pedagogy",1,2026-T2,3,3.8,1,46,2.0,1,0.0,0,2.5,3,0,6,2,12.0,41.2,MODERATE
UTB-LEC-023,Bachelor of Business Management,PART_TIME,16,Marketing Strategy & Consumer Behavior,"Research Methodology, Public Speaking & Pedagogy",1,2026-T2,4,3.6,1,46,1.5,0,0.0,1,3.3,2,0,3,1,13.4,32.1,LOW
UTB-LEC-023,Bachelor of Business Management,PART_TIME,16,Marketing Strategy & Consumer Behavior,"Research Methodology, Public Speaking & Pedagogy",1,2026-T2,5,4.4,1,46,2.5,2,0.0,0,8.0,6,4,10,5,21.2,54.9,MODERATE
UTB-LEC-023,Bachelor of Business Management,PART_TIME,16,Marketing Strategy & Consumer Behavior,"Research Methodology, Public Speaking & Pedagogy",1,2026-T2,6,4.0,1,46,1.0,4,0.0,0,9.0,8,4,8,2,19.8,58.6,HIGH
UTB-LEC-023,Bachelor of Business Management,PART_TIME,16,Marketing Strategy & Consumer Behavior,"Research Methodology, Public Speaking & Pedagogy",1,2026-T2,7,3.3,1,46,1.5,0,0.0,0,3.4,0,1,2,1,12.0,33.0,LOW
UTB-LEC-023,Bachelor of Business Management,PART_TIME,16,Marketing Strategy & Consumer Behavior,"Research Methodology, Public Speaking & Pedagogy",1,2026-T2,8,3.1,1,46,2.0,2,0.0,0,3.7,3,0,4,3,13.7,29.5,LOW
UTB-LEC-023,Bachelor of Business Management,PART_TIME,16,Marketing Strategy & Consumer Behavior,"Research Methodology, Public Speaking & Pedagogy",1,2026-T2,9,3.7,1,46,1.0,1,0.0,0,0.5,1,1,4,3,12.0,27.9,LOW
UTB-LEC-023,Bachelor of Business Management,PART_TIME,16,Marketing Strategy & Consumer Behavior,"Research Methodology, Public Speaking & Pedagogy",1,2026-T2,10,4.8,1,46,2.5,0,0.0,1,6.1,11,5,10,4,21.2,64.6,HIGH
UTB-LEC-023,Bachelor of Business Management,PART_TIME,16,Marketing Strategy & Consumer Behavior,"Research Methodology, Public Speaking & Pedagogy",1,2026-T2,11,4.6,1,46,1.0,1,0.0,0,8.9,8,6,8,5,18.2,52.5,MODERATE
UTB-LEC-024,BSc Information Technology,FULL_TIME,8,IT Infrastructure & System Admin,"GIS & Spatial Mapping, Digital Marketing",2,2026-T1,1,8.1,2,68,1.5,8,2.0,2,0.1,1,0,6,5,26.3,39.8,MODERATE
UTB-LEC-024,BSc Information Technology,FULL_TIME,8,IT Infrastructure & System Admin,"GIS & Spatial Mapping, Digital Marketing",2,2026-T1,2,7.8,2,68,1.5,4,4.0,0,0.4,2,2,3,4,20.9,35.0,LOW
UTB-LEC-024,BSc Information Technology,FULL_TIME,8,IT Infrastructure & System Admin,"GIS & Spatial Mapping, Digital Marketing",2,2026-T1,3,8.4,2,68,2.0,4,0.0,1,1.1,3,3,6,4,22.2,45.8,MODERATE
UTB-LEC-024,BSc Information Technology,FULL_TIME,8,IT Infrastructure & System Admin,"GIS & Spatial Mapping, Digital Marketing",2,2026-T1,4,7.6,2,68,1.5,2,8.0,0,1.1,2,3,3,5,25.3,35.5,MODERATE
UTB-LEC-024,BSc Information Technology,FULL_TIME,8,IT Infrastructure & System Admin,"GIS & Spatial Mapping, Digital Marketing",2,2026-T1,5,7.8,2,68,1.0,5,0.0,2,4.3,4,11,8,5,24.8,63.4,HIGH
UTB-LEC-024,BSc Information Technology,FULL_TIME,8,IT Infrastructure & System Admin,"GIS & Spatial Mapping, Digital Marketing",2,2026-T1,6,8.7,2,68,1.0,2,8.0,0,6.8,10,6,6,4,30.9,64.8,HIGH
UTB-LEC-024,BSc Information Technology,FULL_TIME,8,IT Infrastructure & System Admin,"GIS & Spatial Mapping, Digital Marketing",2,2026-T1,7,8.3,2,68,1.5,2,0.0,1,3.5,0,0,3,1,22.9,42.1,MODERATE
UTB-LEC-024,BSc Information Technology,FULL_TIME,8,IT Infrastructure & System Admin,"GIS & Spatial Mapping, Digital Marketing",2,2026-T1,8,9.0,2,68,2.0,2,0.0,2,3.4,0,4,6,3,27.7,52.8,MODERATE
UTB-LEC-024,BSc Information Technology,FULL_TIME,8,IT Infrastructure & System Admin,"GIS & Spatial Mapping, Digital Marketing",2,2026-T1,9,8.7,2,68,1.5,6,8.0,0,1.1,3,3,4,4,28.4,44.5,MODERATE
UTB-LEC-024,BSc Information Technology,FULL_TIME,8,IT Infrastructure & System Admin,"GIS & Spatial Mapping, Digital Marketing",2,2026-T1,10,7.5,2,68,1.0,5,0.0,1,5.9,11,5,9,2,23.0,69.8,HIGH
UTB-LEC-024,BSc Information Technology,FULL_TIME,8,IT Infrastructure & System Admin,"GIS & Spatial Mapping, Digital Marketing",2,2026-T1,11,8.5,2,68,1.5,8,0.0,0,9.4,3,10,8,4,28.7,66.6,HIGH
UTB-LEC-024,BSc Information Technology,FULL_TIME,8,IT Infrastructure & System Admin,"GIS & Spatial Mapping, Digital Marketing",2,2026-T2,1,9.2,2,68,1.0,4,2.0,2,2.4,0,2,2,3,25.9,39.5,MODERATE
UTB-LEC-024,BSc Information Technology,FULL_TIME,8,IT Infrastructure & System Admin,"GIS & Spatial Mapping, Digital Marketing",2,2026-T2,2,9.1,2,68,1.5,4,0.0,0,2.3,0,1,6,4,20.7,36.2,MODERATE
UTB-LEC-024,BSc Information Technology,FULL_TIME,8,IT Infrastructure & System Admin,"GIS & Spatial Mapping, Digital Marketing",2,2026-T2,3,7.5,2,68,2.0,5,0.0,0,1.3,2,0,2,1,22.6,41.3,MODERATE
UTB-LEC-024,BSc Information Technology,FULL_TIME,8,IT Infrastructure & System Admin,"GIS & Spatial Mapping, Digital Marketing",2,2026-T2,4,8.4,2,68,2.0,4,0.0,2,3.8,2,2,6,5,27.3,45.3,MODERATE
UTB-LEC-024,BSc Information Technology,FULL_TIME,8,IT Infrastructure & System Admin,"GIS & Spatial Mapping, Digital Marketing",2,2026-T2,5,8.3,2,68,1.5,2,0.0,2,8.7,3,6,10,4,31.0,68.6,HIGH
UTB-LEC-024,BSc Information Technology,FULL_TIME,8,IT Infrastructure & System Admin,"GIS & Spatial Mapping, Digital Marketing",2,2026-T2,6,8.3,2,68,1.5,2,0.0,1,4.0,3,10,6,4,22.2,54.1,MODERATE
UTB-LEC-024,BSc Information Technology,FULL_TIME,8,IT Infrastructure & System Admin,"GIS & Spatial Mapping, Digital Marketing",2,2026-T2,7,8.7,2,68,1.0,4,0.0,1,0.4,0,0,5,2,19.2,41.2,MODERATE
UTB-LEC-024,BSc Information Technology,FULL_TIME,8,IT Infrastructure & System Admin,"GIS & Spatial Mapping, Digital Marketing",2,2026-T2,8,7.7,2,68,2.5,2,2.0,0,2.9,0,3,4,3,24.2,41.6,MODERATE
UTB-LEC-024,BSc Information Technology,FULL_TIME,8,IT Infrastructure & System Admin,"GIS & Spatial Mapping, Digital Marketing",2,2026-T2,9,8.6,2,68,1.5,1,0.0,0,3.6,2,3,5,2,20.8,47.4,MODERATE
UTB-LEC-024,BSc Information Technology,FULL_TIME,8,IT Infrastructure & System Admin,"GIS & Spatial Mapping, Digital Marketing",2,2026-T2,10,8.0,2,68,1.0,4,2.0,0,6.1,9,8,6,4,22.9,58.6,HIGH
UTB-LEC-024,BSc Information Technology,FULL_TIME,8,IT Infrastructure & System Admin,"GIS & Spatial Mapping, Digital Marketing",2,2026-T2,11,9.1,2,68,1.5,2,0.0,0,4.8,10,8,10,4,24.5,69.5,HIGH
UTB-LEC-025,BSc Computer Engineering,FULL_TIME,18,Distributed Systems & Parallel Computing,"Research Methodology, Customer Relationship Management",4,2026-T1,1,16.1,3,160,2.5,2,2.0,2,3.0,0,3,6,4,48.5,64.8,HIGH
UTB-LEC-025,BSc Computer Engineering,FULL_TIME,18,Distributed Systems & Parallel Computing,"Research Methodology, Customer Relationship Management",4,2026-T1,2,17.5,3,160,1.5,5,4.0,0,2.9,2,1,3,3,45.9,56.1,HIGH
UTB-LEC-025,BSc Computer Engineering,FULL_TIME,18,Distributed Systems & Parallel Computing,"Research Methodology, Customer Relationship Management",4,2026-T1,3,16.4,3,160,1.0,3,0.0,2,0.4,2,4,3,2,36.6,61.8,HIGH
UTB-LEC-025,BSc Computer Engineering,FULL_TIME,18,Distributed Systems & Parallel Computing,"Research Methodology, Customer Relationship Management",4,2026-T1,4,16.1,3,160,2.0,5,0.0,0,3.5,2,0,4,5,44.2,49.8,MODERATE
UTB-LEC-025,BSc Computer Engineering,FULL_TIME,18,Distributed Systems & Parallel Computing,"Research Methodology, Customer Relationship Management",4,2026-T1,5,17.2,3,160,1.5,4,0.0,1,4.9,7,8,7,5,42.4,72.3,HIGH
UTB-LEC-025,BSc Computer Engineering,FULL_TIME,18,Distributed Systems & Parallel Computing,"Research Methodology, Customer Relationship Management",4,2026-T1,6,17.1,3,160,2.0,2,2.0,2,6.2,11,10,9,2,49.3,98.0,CRITICAL
UTB-LEC-025,BSc Computer Engineering,FULL_TIME,18,Distributed Systems & Parallel Computing,"Research Methodology, Customer Relationship Management",4,2026-T1,7,16.7,3,160,1.5,4,4.0,1,2.1,0,1,6,1,42.8,69.5,HIGH
UTB-LEC-025,BSc Computer Engineering,FULL_TIME,18,Distributed Systems & Parallel Computing,"Research Methodology, Customer Relationship Management",4,2026-T1,8,16.9,3,160,2.0,0,0.0,0,2.0,0,1,4,2,37.8,57.3,HIGH
UTB-LEC-025,BSc Computer Engineering,FULL_TIME,18,Distributed Systems & Parallel Computing,"Research Methodology, Customer Relationship Management",4,2026-T1,9,16.3,3,160,1.5,1,0.0,0,2.7,1,4,2,1,36.1,58.5,HIGH
UTB-LEC-025,BSc Computer Engineering,FULL_TIME,18,Distributed Systems & Parallel Computing,"Research Methodology, Customer Relationship Management",4,2026-T1,10,17.5,3,160,2.0,6,0.0,1,6.2,7,9,10,5,48.6,90.2,CRITICAL
UTB-LEC-025,BSc Computer Engineering,FULL_TIME,18,Distributed Systems & Parallel Computing,"Research Methodology, Customer Relationship Management",4,2026-T1,11,16.4,3,160,1.5,4,8.0,0,9.4,6,11,8,1,50.6,98.0,CRITICAL
UTB-LEC-025,BSc Computer Engineering,FULL_TIME,18,Distributed Systems & Parallel Computing,"Research Methodology, Customer Relationship Management",4,2026-T2,1,16.7,3,160,1.0,5,0.0,1,3.9,2,2,2,5,39.2,42.8,MODERATE
UTB-LEC-025,BSc Computer Engineering,FULL_TIME,18,Distributed Systems & Parallel Computing,"Research Methodology, Customer Relationship Management",4,2026-T2,2,17.9,3,160,1.5,4,0.0,0,1.3,0,4,5,5,39.8,51.5,MODERATE
UTB-LEC-025,BSc Computer Engineering,FULL_TIME,18,Distributed Systems & Parallel Computing,"Research Methodology, Customer Relationship Management",4,2026-T2,3,16.1,3,160,1.0,11,0.0,1,3.7,2,0,6,4,42.1,58.7,HIGH
UTB-LEC-025,BSc Computer Engineering,FULL_TIME,18,Distributed Systems & Parallel Computing,"Research Methodology, Customer Relationship Management",4,2026-T2,4,17.6,3,160,1.0,3,0.0,0,1.4,0,2,3,5,33.7,41.7,MODERATE
UTB-LEC-025,BSc Computer Engineering,FULL_TIME,18,Distributed Systems & Parallel Computing,"Research Methodology, Customer Relationship Management",4,2026-T2,5,16.2,3,160,1.5,1,0.0,1,9.5,7,6,9,2,43.3,85.1,CRITICAL
UTB-LEC-025,BSc Computer Engineering,FULL_TIME,18,Distributed Systems & Parallel Computing,"Research Methodology, Customer Relationship Management",4,2026-T2,6,17.3,3,160,1.5,6,0.0,0,9.5,7,6,9,5,46.1,82.6,CRITICAL
UTB-LEC-025,BSc Computer Engineering,FULL_TIME,18,Distributed Systems & Parallel Computing,"Research Methodology, Customer Relationship Management",4,2026-T2,7,17.2,3,160,2.0,6,0.0,2,0.4,1,1,6,3,45.4,61.8,HIGH
UTB-LEC-025,BSc Computer Engineering,FULL_TIME,18,Distributed Systems & Parallel Computing,"Research Methodology, Customer Relationship Management",4,2026-T2,8,17.6,3,160,1.5,3,2.0,2,0.3,1,1,6,3,43.3,63.7,HIGH
UTB-LEC-025,BSc Computer Engineering,FULL_TIME,18,Distributed Systems & Parallel Computing,"Research Methodology, Customer Relationship Management",4,2026-T2,9,16.4,3,160,1.0,1,0.0,0,2.1,1,0,6,3,30.3,52.6,MODERATE
UTB-LEC-025,BSc Computer Engineering,FULL_TIME,18,Distributed Systems & Parallel Computing,"Research Methodology, Customer Relationship Management",4,2026-T2,10,16.5,3,160,1.0,6,0.0,0,6.4,4,6,8,3,41.8,79.3,CRITICAL
UTB-LEC-025,BSc Computer Engineering,FULL_TIME,18,Distributed Systems & Parallel Computing,"Research Methodology, Customer Relationship Management",4,2026-T2,11,17.1,3,160,2.5,3,0.0,1,8.8,8,8,10,2,51.8,98.0,CRITICAL
UTB-LEC-026,BSc Transport & Logistics Mgmt,PART_TIME,13,Supply Chain Risk & Resilience,"Research Methodology, Data Analysis with Python",1,2026-T1,1,4.6,1,55,2.0,2,0.0,2,3.5,2,3,3,1,18.6,41.7,MODERATE
UTB-LEC-026,BSc Transport & Logistics Mgmt,PART_TIME,13,Supply Chain Risk & Resilience,"Research Methodology, Data Analysis with Python",1,2026-T1,2,3.2,1,55,1.5,0,0.0,0,0.6,1,2,2,5,12.0,20.0,LOW
UTB-LEC-026,BSc Transport & Logistics Mgmt,PART_TIME,13,Supply Chain Risk & Resilience,"Research Methodology, Data Analysis with Python",1,2026-T1,3,3.6,1,55,2.0,2,0.0,0,0.6,1,2,5,2,12.0,36.2,MODERATE
UTB-LEC-026,BSc Transport & Logistics Mgmt,PART_TIME,13,Supply Chain Risk & Resilience,"Research Methodology, Data Analysis with Python",1,2026-T1,4,3.8,1,55,1.5,0,0.0,2,0.7,1,4,4,4,14.5,35.6,MODERATE
UTB-LEC-026,BSc Transport & Logistics Mgmt,PART_TIME,13,Supply Chain Risk & Resilience,"Research Methodology, Data Analysis with Python",1,2026-T1,5,3.3,1,55,1.5,1,0.0,0,4.5,9,8,8,4,12.0,58.7,HIGH
UTB-LEC-026,BSc Transport & Logistics Mgmt,PART_TIME,13,Supply Chain Risk & Resilience,"Research Methodology, Data Analysis with Python",1,2026-T1,6,4.4,1,55,2.5,1,0.0,2,9.6,7,9,10,5,25.3,64.9,HIGH
UTB-LEC-026,BSc Transport & Logistics Mgmt,PART_TIME,13,Supply Chain Risk & Resilience,"Research Methodology, Data Analysis with Python",1,2026-T1,7,3.4,1,55,1.5,0,0.0,0,1.4,2,3,4,4,12.0,29.6,LOW
UTB-LEC-026,BSc Transport & Logistics Mgmt,PART_TIME,13,Supply Chain Risk & Resilience,"Research Methodology, Data Analysis with Python",1,2026-T1,8,4.2,1,55,1.5,1,0.0,1,0.9,3,3,4,5,12.0,27.4,LOW
UTB-LEC-026,BSc Transport & Logistics Mgmt,PART_TIME,13,Supply Chain Risk & Resilience,"Research Methodology, Data Analysis with Python",1,2026-T1,9,3.1,1,55,1.5,0,0.0,0,3.4,3,0,5,3,12.0,33.2,LOW
UTB-LEC-026,BSc Transport & Logistics Mgmt,PART_TIME,13,Supply Chain Risk & Resilience,"Research Methodology, Data Analysis with Python",1,2026-T1,10,4.2,1,55,1.0,2,0.0,1,5.1,11,5,6,1,15.9,63.2,HIGH
UTB-LEC-026,BSc Transport & Logistics Mgmt,PART_TIME,13,Supply Chain Risk & Resilience,"Research Methodology, Data Analysis with Python",1,2026-T1,11,4.6,1,55,1.0,0,0.0,1,6.3,11,5,6,5,17.0,48.5,MODERATE
UTB-LEC-026,BSc Transport & Logistics Mgmt,PART_TIME,13,Supply Chain Risk & Resilience,"Research Methodology, Data Analysis with Python",1,2026-T2,1,4.3,1,55,2.5,2,0.0,0,1.7,1,4,4,4,14.7,36.1,MODERATE
UTB-LEC-026,BSc Transport & Logistics Mgmt,PART_TIME,13,Supply Chain Risk & Resilience,"Research Methodology, Data Analysis with Python",1,2026-T2,2,3.7,1,55,2.0,0,0.0,0,0.0,2,4,6,4,12.0,38.9,MODERATE
UTB-LEC-026,BSc Transport & Logistics Mgmt,PART_TIME,13,Supply Chain Risk & Resilience,"Research Methodology, Data Analysis with Python",1,2026-T2,3,2.9,1,55,1.5,4,0.0,0,0.7,1,1,5,5,12.0,28.3,LOW
UTB-LEC-026,BSc Transport & Logistics Mgmt,PART_TIME,13,Supply Chain Risk & Resilience,"Research Methodology, Data Analysis with Python",1,2026-T2,4,3.9,1,55,2.5,0,0.0,0,2.8,1,4,6,5,14.3,35.0,LOW
UTB-LEC-026,BSc Transport & Logistics Mgmt,PART_TIME,13,Supply Chain Risk & Resilience,"Research Methodology, Data Analysis with Python",1,2026-T2,5,2.8,1,55,1.0,0,0.0,0,9.5,11,8,9,4,14.5,60.4,HIGH
UTB-LEC-026,BSc Transport & Logistics Mgmt,PART_TIME,13,Supply Chain Risk & Resilience,"Research Methodology, Data Analysis with Python",1,2026-T2,6,3.5,1,55,1.5,3,0.0,1,7.2,10,4,10,1,17.7,69.8,HIGH
UTB-LEC-026,BSc Transport & Logistics Mgmt,PART_TIME,13,Supply Chain Risk & Resilience,"Research Methodology, Data Analysis with Python",1,2026-T2,7,3.0,1,55,1.5,2,0.0,1,2.9,0,3,2,4,14.7,26.3,LOW
UTB-LEC-026,BSc Transport & Logistics Mgmt,PART_TIME,13,Supply Chain Risk & Resilience,"Research Methodology, Data Analysis with Python",1,2026-T2,8,3.4,1,55,1.5,1,0.0,1,0.4,3,4,2,2,12.2,35.4,MODERATE
UTB-LEC-026,BSc Transport & Logistics Mgmt,PART_TIME,13,Supply Chain Risk & Resilience,"Research Methodology, Data Analysis with Python",1,2026-T2,9,4.3,1,55,1.0,1,0.0,2,2.6,2,0,5,5,14.7,26.6,LOW
UTB-LEC-026,BSc Transport & Logistics Mgmt,PART_TIME,13,Supply Chain Risk & Resilience,"Research Methodology, Data Analysis with Python",1,2026-T2,10,4.6,1,55,1.5,1,0.0,0,5.6,6,10,8,4,15.4,57.6,HIGH
UTB-LEC-026,BSc Transport & Logistics Mgmt,PART_TIME,13,Supply Chain Risk & Resilience,"Research Methodology, Data Analysis with Python",1,2026-T2,11,3.2,1,55,2.0,1,0.0,1,5.3,11,7,6,1,18.3,65.1,HIGH
UTB-LEC-027,BA Hotel & Restaurant Management,FULL_TIME,13,Front Office & Revenue Management,"GIS & Spatial Mapping, Digital Marketing",2,2026-T1,1,8.9,2,66,2.0,6,0.0,0,3.7,0,2,2,3,25.6,35.1,MODERATE
UTB-LEC-027,BA Hotel & Restaurant Management,FULL_TIME,13,Front Office & Revenue Management,"GIS & Spatial Mapping, Digital Marketing",2,2026-T1,2,9.4,2,66,1.5,6,4.0,1,4.0,0,4,3,3,29.5,48.3,MODERATE
UTB-LEC-027,BA Hotel & Restaurant Management,FULL_TIME,13,Front Office & Revenue Management,"GIS & Spatial Mapping, Digital Marketing",2,2026-T1,3,9.4,2,66,1.5,8,0.0,1,0.9,2,1,2,1,22.6,45.1,MODERATE
UTB-LEC-027,BA Hotel & Restaurant Management,FULL_TIME,13,Front Office & Revenue Management,"GIS & Spatial Mapping, Digital Marketing",2,2026-T1,4,8.6,2,66,1.0,4,0.0,2,0.9,3,1,4,2,20.6,39.7,MODERATE
UTB-LEC-027,BA Hotel & Restaurant Management,FULL_TIME,13,Front Office & Revenue Management,"GIS & Spatial Mapping, Digital Marketing",2,2026-T1,5,7.8,2,66,1.5,4,0.0,0,7.4,10,9,10,2,23.7,79.5,CRITICAL
UTB-LEC-027,BA Hotel & Restaurant Management,FULL_TIME,13,Front Office & Revenue Management,"GIS & Spatial Mapping, Digital Marketing",2,2026-T1,6,8.5,2,66,2.5,2,0.0,0,8.1,3,9,8,1,30.1,77.8,CRITICAL
UTB-LEC-027,BA Hotel & Restaurant Management,FULL_TIME,13,Front Office & Revenue Management,"GIS & Spatial Mapping, Digital Marketing",2,2026-T1,7,9.6,2,66,1.5,8,2.0,1,2.3,3,3,5,2,27.8,58.5,HIGH
UTB-LEC-027,BA Hotel & Restaurant Management,FULL_TIME,13,Front Office & Revenue Management,"GIS & Spatial Mapping, Digital Marketing",2,2026-T1,8,9.5,2,66,2.0,9,2.0,0,2.8,0,3,6,3,27.5,53.0,MODERATE
UTB-LEC-027,BA Hotel & Restaurant Management,FULL_TIME,13,Front Office & Revenue Management,"GIS & Spatial Mapping, Digital Marketing",2,2026-T1,9,8.6,2,66,1.5,3,0.0,0,1.8,2,3,4,3,20.1,40.5,MODERATE
UTB-LEC-027,BA Hotel & Restaurant Management,FULL_TIME,13,Front Office & Revenue Management,"GIS & Spatial Mapping, Digital Marketing",2,2026-T1,10,9.2,2,66,1.5,2,8.0,2,8.2,11,10,9,4,40.4,85.8,CRITICAL
UTB-LEC-027,BA Hotel & Restaurant Management,FULL_TIME,13,Front Office & Revenue Management,"GIS & Spatial Mapping, Digital Marketing",2,2026-T1,11,8.5,2,66,2.0,2,0.0,0,7.1,7,9,6,1,25.2,69.2,HIGH
UTB-LEC-027,BA Hotel & Restaurant Management,FULL_TIME,13,Front Office & Revenue Management,"GIS & Spatial Mapping, Digital Marketing",2,2026-T2,1,8.2,2,66,1.5,3,4.0,0,1.4,3,4,6,5,21.4,39.0,MODERATE
UTB-LEC-027,BA Hotel & Restaurant Management,FULL_TIME,13,Front Office & Revenue Management,"GIS & Spatial Mapping, Digital Marketing",2,2026-T2,2,7.7,2,66,1.0,2,2.0,0,0.5,2,4,3,2,14.1,38.1,MODERATE
UTB-LEC-027,BA Hotel & Restaurant Management,FULL_TIME,13,Front Office & Revenue Management,"GIS & Spatial Mapping, Digital Marketing",2,2026-T2,3,8.0,2,66,2.0,2,0.0,0,0.6,3,3,5,3,18.5,42.3,MODERATE
UTB-LEC-027,BA Hotel & Restaurant Management,FULL_TIME,13,Front Office & Revenue Management,"GIS & Spatial Mapping, Digital Marketing",2,2026-T2,4,8.3,2,66,1.0,5,0.0,0,1.3,2,3,4,5,17.5,31.0,LOW
UTB-LEC-027,BA Hotel & Restaurant Management,FULL_TIME,13,Front Office & Revenue Management,"GIS & Spatial Mapping, Digital Marketing",2,2026-T2,5,8.4,2,66,1.5,2,8.0,0,8.7,8,9,10,4,34.6,77.0,CRITICAL
UTB-LEC-027,BA Hotel & Restaurant Management,FULL_TIME,13,Front Office & Revenue Management,"GIS & Spatial Mapping, Digital Marketing",2,2026-T2,6,7.7,2,66,1.0,2,8.0,0,5.1,6,5,7,1,28.2,73.0,HIGH
UTB-LEC-027,BA Hotel & Restaurant Management,FULL_TIME,13,Front Office & Revenue Management,"GIS & Spatial Mapping, Digital Marketing",2,2026-T2,7,7.9,2,66,1.5,3,2.0,0,0.4,2,3,4,3,21.5,41.5,MODERATE
UTB-LEC-027,BA Hotel & Restaurant Management,FULL_TIME,13,Front Office & Revenue Management,"GIS & Spatial Mapping, Digital Marketing",2,2026-T2,8,9.0,2,66,2.0,4,4.0,2,0.0,3,1,4,1,28.3,52.8,MODERATE
UTB-LEC-027,BA Hotel & Restaurant Management,FULL_TIME,13,Front Office & Revenue Management,"GIS & Spatial Mapping, Digital Marketing",2,2026-T2,9,9.3,2,66,2.0,4,0.0,0,1.7,1,3,5,1,20.6,50.5,MODERATE
UTB-LEC-027,BA Hotel & Restaurant Management,FULL_TIME,13,Front Office & Revenue Management,"GIS & Spatial Mapping, Digital Marketing",2,2026-T2,10,8.0,2,66,1.5,3,0.0,0,6.2,6,7,8,2,25.0,69.9,HIGH
UTB-LEC-027,BA Hotel & Restaurant Management,FULL_TIME,13,Front Office & Revenue Management,"GIS & Spatial Mapping, Digital Marketing",2,2026-T2,11,7.9,2,66,2.0,3,12.0,0,9.0,7,4,8,4,38.6,71.2,HIGH
UTB-LEC-028,BA Community Development,FULL_TIME,9,Gender & Social Inclusion Policy,"Research Methodology, Customer Relationship Management",5,2026-T1,1,19.3,3,185,1.5,3,0.0,2,1.8,1,3,5,5,47.0,57.6,HIGH
UTB-LEC-028,BA Community Development,FULL_TIME,9,Gender & Social Inclusion Policy,"Research Methodology, Customer Relationship Management",5,2026-T1,2,18.1,3,185,2.0,2,0.0,0,2.3,3,1,6,4,43.8,60.0,HIGH
UTB-LEC-028,BA Community Development,FULL_TIME,9,Gender & Social Inclusion Policy,"Research Methodology, Customer Relationship Management",5,2026-T1,3,18.8,3,185,2.5,3,0.0,0,3.2,0,4,2,5,50.3,52.3,MODERATE
UTB-LEC-028,BA Community Development,FULL_TIME,9,Gender & Social Inclusion Policy,"Research Methodology, Customer Relationship Management",5,2026-T1,4,18.2,3,185,2.0,3,2.0,0,1.0,2,3,2,4,44.9,59.0,HIGH
UTB-LEC-028,BA Community Development,FULL_TIME,9,Gender & Social Inclusion Policy,"Research Methodology, Customer Relationship Management",5,2026-T1,5,18.4,3,185,2.0,4,0.0,0,7.7,6,10,9,1,52.4,98.0,CRITICAL
UTB-LEC-028,BA Community Development,FULL_TIME,9,Gender & Social Inclusion Policy,"Research Methodology, Customer Relationship Management",5,2026-T1,6,18.2,3,185,1.5,2,0.0,0,7.0,6,4,6,3,46.0,77.2,CRITICAL
UTB-LEC-028,BA Community Development,FULL_TIME,9,Gender & Social Inclusion Policy,"Research Methodology, Customer Relationship Management",5,2026-T1,7,18.7,3,185,1.5,4,0.0,2,3.2,1,2,5,5,47.8,56.7,HIGH
UTB-LEC-028,BA Community Development,FULL_TIME,9,Gender & Social Inclusion Policy,"Research Methodology, Customer Relationship Management",5,2026-T1,8,17.6,3,185,1.5,2,12.0,0,2.8,1,0,5,4,52.1,68.2,HIGH
UTB-LEC-028,BA Community Development,FULL_TIME,9,Gender & Social Inclusion Policy,"Research Methodology, Customer Relationship Management",5,2026-T1,9,18.6,3,185,1.5,1,0.0,2,3.7,1,1,4,2,46.4,64.8,HIGH
UTB-LEC-028,BA Community Development,FULL_TIME,9,Gender & Social Inclusion Policy,"Research Methodology, Customer Relationship Management",5,2026-T1,10,18.1,3,185,1.5,5,4.0,0,8.6,7,11,9,5,53.1,88.2,CRITICAL
UTB-LEC-028,BA Community Development,FULL_TIME,9,Gender & Social Inclusion Policy,"Research Methodology, Customer Relationship Management",5,2026-T1,11,18.3,3,185,2.0,9,0.0,0,8.3,9,10,6,5,55.1,87.5,CRITICAL
UTB-LEC-028,BA Community Development,FULL_TIME,9,Gender & Social Inclusion Policy,"Research Methodology, Customer Relationship Management",5,2026-T2,1,18.6,3,185,2.0,3,0.0,0,0.3,3,0,5,1,42.3,69.3,HIGH
UTB-LEC-028,BA Community Development,FULL_TIME,9,Gender & Social Inclusion Policy,"Research Methodology, Customer Relationship Management",5,2026-T2,2,18.5,3,185,1.5,2,0.0,1,3.2,1,4,4,4,43.6,56.8,HIGH
UTB-LEC-028,BA Community Development,FULL_TIME,9,Gender & Social Inclusion Policy,"Research Methodology, Customer Relationship Management",5,2026-T2,3,18.4,3,185,2.0,6,0.0,1,3.6,3,0,4,1,49.0,72.9,HIGH
UTB-LEC-028,BA Community Development,FULL_TIME,9,Gender & Social Inclusion Policy,"Research Methodology, Customer Relationship Management",5,2026-T2,4,19.1,3,185,1.5,6,0.0,1,2.1,3,3,3,4,47.2,61.5,HIGH
UTB-LEC-028,BA Community Development,FULL_TIME,9,Gender & Social Inclusion Policy,"Research Methodology, Customer Relationship Management",5,2026-T2,5,18.8,3,185,1.5,4,0.0,0,8.0,7,4,10,3,47.8,85.8,CRITICAL
UTB-LEC-028,BA Community Development,FULL_TIME,9,Gender & Social Inclusion Policy,"Research Methodology, Customer Relationship Management",5,2026-T2,6,18.1,3,185,1.5,5,0.0,0,4.2,7,11,8,1,44.3,94.5,CRITICAL
UTB-LEC-028,BA Community Development,FULL_TIME,9,Gender & Social Inclusion Policy,"Research Methodology, Customer Relationship Management",5,2026-T2,7,18.9,3,185,2.0,6,4.0,1,0.0,2,4,6,3,47.8,73.1,HIGH
UTB-LEC-028,BA Community Development,FULL_TIME,9,Gender & Social Inclusion Policy,"Research Methodology, Customer Relationship Management",5,2026-T2,8,19.3,3,185,1.0,6,2.0,1,1.6,3,2,3,3,45.9,66.0,HIGH
UTB-LEC-028,BA Community Development,FULL_TIME,9,Gender & Social Inclusion Policy,"Research Methodology, Customer Relationship Management",5,2026-T2,9,18.1,3,185,2.0,2,2.0,0,1.6,2,2,5,3,43.8,66.3,HIGH
UTB-LEC-028,BA Community Development,FULL_TIME,9,Gender & Social Inclusion Policy,"Research Methodology, Customer Relationship Management",5,2026-T2,10,17.6,3,185,1.0,3,0.0,0,6.0,7,7,10,5,40.5,76.8,CRITICAL
UTB-LEC-028,BA Community Development,FULL_TIME,9,Gender & Social Inclusion Policy,"Research Methodology, Customer Relationship Management",5,2026-T2,11,17.6,3,185,2.0,5,0.0,1,5.5,5,5,8,3,48.2,80.4,CRITICAL
UTB-LEC-029,BSc Travel & Tourism Management,FULL_TIME,8,Destination Marketing & Branding,"Quality Assurance, GIS & Spatial Mapping",5,2026-T1,1,18.6,3,275,2.0,2,0.0,0,3.2,3,4,5,5,50.0,67.0,HIGH
UTB-LEC-029,BSc Travel & Tourism Management,FULL_TIME,8,Destination Marketing & Branding,"Quality Assurance, GIS & Spatial Mapping",5,2026-T1,2,18.9,3,275,2.0,8,0.0,0,3.3,1,3,3,1,54.0,71.3,HIGH
UTB-LEC-029,BSc Travel & Tourism Management,FULL_TIME,8,Destination Marketing & Branding,"Quality Assurance, GIS & Spatial Mapping",5,2026-T1,3,18.9,3,275,1.5,4,8.0,1,2.0,0,1,2,3,56.1,66.0,HIGH
UTB-LEC-029,BSc Travel & Tourism Management,FULL_TIME,8,Destination Marketing & Branding,"Quality Assurance, GIS & Spatial Mapping",5,2026-T1,4,18.5,3,275,2.0,5,8.0,0,3.5,1,2,3,1,61.9,79.4,CRITICAL
UTB-LEC-029,BSc Travel & Tourism Management,FULL_TIME,8,Destination Marketing & Branding,"Quality Assurance, GIS & Spatial Mapping",5,2026-T1,5,18.0,3,275,1.5,4,12.0,1,5.9,7,9,8,1,62.1,98.0,CRITICAL
UTB-LEC-029,BSc Travel & Tourism Management,FULL_TIME,8,Destination Marketing & Branding,"Quality Assurance, GIS & Spatial Mapping",5,2026-T1,6,18.0,3,275,1.5,3,4.0,1,8.9,10,10,7,3,57.8,98.0,CRITICAL
UTB-LEC-029,BSc Travel & Tourism Management,FULL_TIME,8,Destination Marketing & Branding,"Quality Assurance, GIS & Spatial Mapping",5,2026-T1,7,18.6,3,275,1.0,5,4.0,0,3.2,3,2,3,2,49.7,69.4,HIGH
UTB-LEC-029,BSc Travel & Tourism Management,FULL_TIME,8,Destination Marketing & Branding,"Quality Assurance, GIS & Spatial Mapping",5,2026-T1,8,19.1,3,275,1.0,6,0.0,2,0.7,2,0,2,5,46.0,48.8,MODERATE
UTB-LEC-029,BSc Travel & Tourism Management,FULL_TIME,8,Destination Marketing & Branding,"Quality Assurance, GIS & Spatial Mapping",5,2026-T1,9,18.5,3,275,1.5,1,2.0,0,2.2,1,2,5,4,46.4,61.6,HIGH
UTB-LEC-029,BSc Travel & Tourism Management,FULL_TIME,8,Destination Marketing & Branding,"Quality Assurance, GIS & Spatial Mapping",5,2026-T1,10,18.4,3,275,1.0,2,0.0,0,4.3,8,4,6,5,41.5,68.4,HIGH
UTB-LEC-029,BSc Travel & Tourism Management,FULL_TIME,8,Destination Marketing & Branding,"Quality Assurance, GIS & Spatial Mapping",5,2026-T1,11,19.2,3,275,1.0,5,0.0,1,7.4,7,7,9,4,50.2,85.5,CRITICAL
UTB-LEC-029,BSc Travel & Tourism Management,FULL_TIME,8,Destination Marketing & Branding,"Quality Assurance, GIS & Spatial Mapping",5,2026-T2,1,18.2,3,275,1.0,5,2.0,2,0.5,0,1,5,3,45.1,64.1,HIGH
UTB-LEC-029,BSc Travel & Tourism Management,FULL_TIME,8,Destination Marketing & Branding,"Quality Assurance, GIS & Spatial Mapping",5,2026-T2,2,18.6,3,275,1.0,5,2.0,0,1.9,0,3,5,1,44.1,71.4,HIGH
UTB-LEC-029,BSc Travel & Tourism Management,FULL_TIME,8,Destination Marketing & Branding,"Quality Assurance, GIS & Spatial Mapping",5,2026-T2,3,17.4,3,275,1.0,2,0.0,0,2.5,3,3,6,5,39.6,53.7,MODERATE
UTB-LEC-029,BSc Travel & Tourism Management,FULL_TIME,8,Destination Marketing & Branding,"Quality Assurance, GIS & Spatial Mapping",5,2026-T2,4,17.3,3,275,1.5,2,0.0,1,2.6,1,3,6,3,46.1,72.2,HIGH
UTB-LEC-029,BSc Travel & Tourism Management,FULL_TIME,8,Destination Marketing & Branding,"Quality Assurance, GIS & Spatial Mapping",5,2026-T2,5,19.1,3,275,1.5,2,8.0,0,4.5,8,10,7,2,57.4,98.0,CRITICAL
UTB-LEC-029,BSc Travel & Tourism Management,FULL_TIME,8,Destination Marketing & Branding,"Quality Assurance, GIS & Spatial Mapping",5,2026-T2,6,17.6,3,275,1.5,4,0.0,2,5.3,4,4,9,4,51.4,80.1,CRITICAL
UTB-LEC-029,BSc Travel & Tourism Management,FULL_TIME,8,Destination Marketing & Branding,"Quality Assurance, GIS & Spatial Mapping",5,2026-T2,7,18.7,3,275,2.5,4,0.0,0,0.9,3,4,4,4,51.4,67.6,HIGH
UTB-LEC-029,BSc Travel & Tourism Management,FULL_TIME,8,Destination Marketing & Branding,"Quality Assurance, GIS & Spatial Mapping",5,2026-T2,8,17.4,3,275,1.0,6,0.0,1,1.9,1,1,4,5,41.5,51.1,MODERATE
UTB-LEC-029,BSc Travel & Tourism Management,FULL_TIME,8,Destination Marketing & Branding,"Quality Assurance, GIS & Spatial Mapping",5,2026-T2,9,18.6,3,275,2.0,3,0.0,0,1.8,1,0,5,2,50.4,70.7,HIGH
UTB-LEC-029,BSc Travel & Tourism Management,FULL_TIME,8,Destination Marketing & Branding,"Quality Assurance, GIS & Spatial Mapping",5,2026-T2,10,17.3,3,275,1.5,0,0.0,0,7.3,7,11,6,4,47.0,81.0,CRITICAL
UTB-LEC-029,BSc Travel & Tourism Management,FULL_TIME,8,Destination Marketing & Branding,"Quality Assurance, GIS & Spatial Mapping",5,2026-T2,11,17.9,3,275,2.0,4,0.0,0,5.3,4,11,7,1,54.0,98.0,CRITICAL
UTB-LEC-030,Bachelor of Business Management,FULL_TIME,19,Entrepreneurship & Innovation,"Public Speaking & Pedagogy, Digital Marketing",2,2026-T1,1,8.1,2,68,1.0,6,0.0,2,0.6,3,1,2,4,21.9,32.0,LOW
UTB-LEC-030,Bachelor of Business Management,FULL_TIME,19,Entrepreneurship & Innovation,"Public Speaking & Pedagogy, Digital Marketing",2,2026-T1,2,7.2,2,68,2.0,2,2.0,0,3.2,2,2,2,3,21.6,36.7,MODERATE
UTB-LEC-030,Bachelor of Business Management,FULL_TIME,19,Entrepreneurship & Innovation,"Public Speaking & Pedagogy, Digital Marketing",2,2026-T1,3,8.1,2,68,2.5,3,0.0,1,3.2,1,2,4,3,27.1,46.8,MODERATE
UTB-LEC-030,Bachelor of Business Management,FULL_TIME,19,Entrepreneurship & Innovation,"Public Speaking & Pedagogy, Digital Marketing",2,2026-T1,4,6.9,2,68,1.5,8,0.0,1,1.0,3,3,3,1,21.7,45.4,MODERATE
UTB-LEC-030,Bachelor of Business Management,FULL_TIME,19,Entrepreneurship & Innovation,"Public Speaking & Pedagogy, Digital Marketing",2,2026-T1,5,8.0,2,68,1.5,3,0.0,0,7.9,5,8,10,5,25.5,67.7,HIGH
UTB-LEC-030,Bachelor of Business Management,FULL_TIME,19,Entrepreneurship & Innovation,"Public Speaking & Pedagogy, Digital Marketing",2,2026-T1,6,7.4,2,68,1.5,3,0.0,2,9.0,5,4,6,4,29.6,59.0,HIGH
UTB-LEC-030,Bachelor of Business Management,FULL_TIME,19,Entrepreneurship & Innovation,"Public Speaking & Pedagogy, Digital Marketing",2,2026-T1,7,8.1,2,68,2.0,7,2.0,0,2.9,0,3,4,2,25.1,40.0,MODERATE
UTB-LEC-030,Bachelor of Business Management,FULL_TIME,19,Entrepreneurship & Innovation,"Public Speaking & Pedagogy, Digital Marketing",2,2026-T1,8,6.9,2,68,1.5,6,0.0,0,2.9,3,0,6,4,20.7,39.0,MODERATE
UTB-LEC-030,Bachelor of Business Management,FULL_TIME,19,Entrepreneurship & Innovation,"Public Speaking & Pedagogy, Digital Marketing",2,2026-T1,9,7.1,2,68,2.0,1,2.0,0,2.9,2,1,4,4,22.0,30.9,LOW
UTB-LEC-030,Bachelor of Business Management,FULL_TIME,19,Entrepreneurship & Innovation,"Public Speaking & Pedagogy, Digital Marketing",2,2026-T1,10,8.1,2,68,2.0,8,0.0,1,5.8,8,9,10,5,28.7,72.7,HIGH
UTB-LEC-030,Bachelor of Business Management,FULL_TIME,19,Entrepreneurship & Innovation,"Public Speaking & Pedagogy, Digital Marketing",2,2026-T1,11,7.7,2,68,2.0,4,0.0,0,5.1,6,10,7,4,25.2,61.3,HIGH
UTB-LEC-030,Bachelor of Business Management,FULL_TIME,19,Entrepreneurship & Innovation,"Public Speaking & Pedagogy, Digital Marketing",2,2026-T2,1,7.2,2,68,1.5,3,0.0,0,3.8,1,3,5,4,19.5,39.2,MODERATE
UTB-LEC-030,Bachelor of Business Management,FULL_TIME,19,Entrepreneurship & Innovation,"Public Speaking & Pedagogy, Digital Marketing",2,2026-T2,2,7.0,2,68,1.5,2,2.0,2,3.7,1,3,2,2,25.6,47.1,MODERATE
UTB-LEC-030,Bachelor of Business Management,FULL_TIME,19,Entrepreneurship & Innovation,"Public Speaking & Pedagogy, Digital Marketing",2,2026-T2,3,8.0,2,68,2.0,2,0.0,0,3.9,1,4,4,5,22.7,40.9,MODERATE
UTB-LEC-030,Bachelor of Business Management,FULL_TIME,19,Entrepreneurship & Innovation,"Public Speaking & Pedagogy, Digital Marketing",2,2026-T2,4,7.4,2,68,1.5,5,0.0,1,3.0,3,4,4,5,23.2,38.0,MODERATE
UTB-LEC-030,Bachelor of Business Management,FULL_TIME,19,Entrepreneurship & Innovation,"Public Speaking & Pedagogy, Digital Marketing",2,2026-T2,5,8.1,2,68,2.0,4,0.0,2,8.3,6,5,9,2,31.4,72.6,HIGH
UTB-LEC-030,Bachelor of Business Management,FULL_TIME,19,Entrepreneurship & Innovation,"Public Speaking & Pedagogy, Digital Marketing",2,2026-T2,6,8.2,2,68,1.5,5,0.0,0,6.0,4,11,10,5,25.6,67.3,HIGH
UTB-LEC-030,Bachelor of Business Management,FULL_TIME,19,Entrepreneurship & Innovation,"Public Speaking & Pedagogy, Digital Marketing",2,2026-T2,7,6.9,2,68,2.0,7,2.0,0,1.0,1,1,2,4,21.8,27.8,LOW
UTB-LEC-030,Bachelor of Business Management,FULL_TIME,19,Entrepreneurship & Innovation,"Public Speaking & Pedagogy, Digital Marketing",2,2026-T2,8,6.9,2,68,1.5,5,0.0,0,3.2,3,1,3,3,20.5,36.5,MODERATE
UTB-LEC-030,Bachelor of Business Management,FULL_TIME,19,Entrepreneurship & Innovation,"Public Speaking & Pedagogy, Digital Marketing",2,2026-T2,9,7.1,2,68,2.5,1,0.0,1,0.7,0,3,5,1,19.2,46.4,MODERATE
UTB-LEC-030,Bachelor of Business Management,FULL_TIME,19,Entrepreneurship & Innovation,"Public Speaking & Pedagogy, Digital Marketing",2,2026-T2,10,8.4,2,68,1.5,1,2.0,0,5.7,4,11,10,4,25.9,74.5,HIGH
UTB-LEC-030,Bachelor of Business Management,FULL_TIME,19,Entrepreneurship & Innovation,"Public Speaking & Pedagogy, Digital Marketing",2,2026-T2,11,8.0,2,68,1.5,0,0.0,0,9.9,3,4,7,1,26.5,64.3,HIGH
UTB-LEC-031,BSc Information Technology,FULL_TIME,3,Enterprise Database Administration,"Research Methodology, Digital Marketing",2,2026-T1,1,7.6,2,82,1.0,5,0.0,1,1.2,3,4,6,4,21.4,44.7,MODERATE
UTB-LEC-031,BSc Information Technology,FULL_TIME,3,Enterprise Database Administration,"Research Methodology, Digital Marketing",2,2026-T1,2,9.1,2,82,2.0,5,2.0,0,3.1,2,4,4,3,28.4,50.6,MODERATE
UTB-LEC-031,BSc Information Technology,FULL_TIME,3,Enterprise Database Administration,"Research Methodology, Digital Marketing",2,2026-T1,3,9.4,2,82,2.0,8,0.0,0,1.9,2,3,3,1,26.4,51.0,MODERATE
UTB-LEC-031,BSc Information Technology,FULL_TIME,3,Enterprise Database Administration,"Research Methodology, Digital Marketing",2,2026-T1,4,8.5,2,82,2.5,4,0.0,1,0.6,0,0,2,3,24.1,34.3,LOW
UTB-LEC-031,BSc Information Technology,FULL_TIME,3,Enterprise Database Administration,"Research Methodology, Digital Marketing",2,2026-T1,5,9.4,2,82,1.5,2,2.0,0,8.6,6,11,9,5,30.0,71.0,HIGH
UTB-LEC-031,BSc Information Technology,FULL_TIME,3,Enterprise Database Administration,"Research Methodology, Digital Marketing",2,2026-T1,6,7.9,2,82,1.0,2,0.0,0,4.0,10,7,7,1,20.5,68.5,HIGH
UTB-LEC-031,BSc Information Technology,FULL_TIME,3,Enterprise Database Administration,"Research Methodology, Digital Marketing",2,2026-T1,7,8.7,2,82,2.5,2,8.0,0,0.8,1,3,6,3,30.9,52.3,MODERATE
UTB-LEC-031,BSc Information Technology,FULL_TIME,3,Enterprise Database Administration,"Research Methodology, Digital Marketing",2,2026-T1,8,8.4,2,82,1.0,7,2.0,1,0.1,0,2,4,1,25.3,49.7,MODERATE
UTB-LEC-031,BSc Information Technology,FULL_TIME,3,Enterprise Database Administration,"Research Methodology, Digital Marketing",2,2026-T1,9,7.7,2,82,2.0,8,0.0,0,2.6,2,4,5,3,24.3,48.6,MODERATE
UTB-LEC-031,BSc Information Technology,FULL_TIME,3,Enterprise Database Administration,"Research Methodology, Digital Marketing",2,2026-T1,10,7.5,2,82,1.5,3,0.0,0,8.6,10,10,6,1,24.3,72.7,HIGH
UTB-LEC-031,BSc Information Technology,FULL_TIME,3,Enterprise Database Administration,"Research Methodology, Digital Marketing",2,2026-T1,11,8.1,2,82,1.5,3,0.0,1,7.6,4,7,10,2,27.3,72.7,HIGH
UTB-LEC-031,BSc Information Technology,FULL_TIME,3,Enterprise Database Administration,"Research Methodology, Digital Marketing",2,2026-T2,1,7.6,2,82,2.0,2,2.0,0,0.4,2,0,2,1,21.5,42.0,MODERATE
UTB-LEC-031,BSc Information Technology,FULL_TIME,3,Enterprise Database Administration,"Research Methodology, Digital Marketing",2,2026-T2,2,7.5,2,82,2.0,5,0.0,0,3.4,1,1,2,4,22.4,31.3,LOW
UTB-LEC-031,BSc Information Technology,FULL_TIME,3,Enterprise Database Administration,"Research Methodology, Digital Marketing",2,2026-T2,3,8.1,2,82,1.5,6,0.0,0,1.6,3,4,6,4,19.8,44.3,MODERATE
UTB-LEC-031,BSc Information Technology,FULL_TIME,3,Enterprise Database Administration,"Research Methodology, Digital Marketing",2,2026-T2,4,8.0,2,82,2.5,4,0.0,0,2.2,0,2,3,1,22.0,43.7,MODERATE
UTB-LEC-031,BSc Information Technology,FULL_TIME,3,Enterprise Database Administration,"Research Methodology, Digital Marketing",2,2026-T2,5,8.5,2,82,1.5,5,4.0,0,7.3,5,8,7,3,30.9,68.3,HIGH
UTB-LEC-031,BSc Information Technology,FULL_TIME,3,Enterprise Database Administration,"Research Methodology, Digital Marketing",2,2026-T2,6,8.8,2,82,1.5,5,0.0,0,9.3,6,5,10,2,30.0,75.1,CRITICAL
UTB-LEC-031,BSc Information Technology,FULL_TIME,3,Enterprise Database Administration,"Research Methodology, Digital Marketing",2,2026-T2,7,8.9,2,82,2.0,4,2.0,0,2.5,2,4,2,1,24.7,50.2,MODERATE
UTB-LEC-031,BSc Information Technology,FULL_TIME,3,Enterprise Database Administration,"Research Methodology, Digital Marketing",2,2026-T2,8,8.1,2,82,1.5,4,0.0,0,3.5,0,4,6,3,21.4,51.5,MODERATE
UTB-LEC-031,BSc Information Technology,FULL_TIME,3,Enterprise Database Administration,"Research Methodology, Digital Marketing",2,2026-T2,9,9.4,2,82,1.0,3,0.0,0,1.7,0,1,2,1,21.2,37.7,MODERATE
UTB-LEC-031,BSc Information Technology,FULL_TIME,3,Enterprise Database Administration,"Research Methodology, Digital Marketing",2,2026-T2,10,9.5,2,82,1.0,6,0.0,0,5.5,4,8,10,1,26.5,78.6,CRITICAL
UTB-LEC-031,BSc Information Technology,FULL_TIME,3,Enterprise Database Administration,"Research Methodology, Digital Marketing",2,2026-T2,11,7.7,2,82,2.5,4,8.0,0,4.3,7,4,9,4,32.9,67.0,HIGH
UTB-LEC-032,BSc Computer Engineering,FULL_TIME,10,Distributed Systems & Parallel Computing,"GIS & Spatial Mapping, Financial Modeling",4,2026-T1,1,17.1,3,176,2.0,3,2.0,2,4.0,0,4,6,4,50.5,69.3,HIGH
UTB-LEC-032,BSc Computer Engineering,FULL_TIME,10,Distributed Systems & Parallel Computing,"GIS & Spatial Mapping, Financial Modeling",4,2026-T1,2,17.8,3,176,1.5,3,0.0,0,3.3,3,2,4,5,41.2,52.6,MODERATE
UTB-LEC-032,BSc Computer Engineering,FULL_TIME,10,Distributed Systems & Parallel Computing,"GIS & Spatial Mapping, Financial Modeling",4,2026-T1,3,17.3,3,176,1.5,3,0.0,0,2.8,3,4,6,2,39.3,71.1,HIGH
UTB-LEC-032,BSc Computer Engineering,FULL_TIME,10,Distributed Systems & Parallel Computing,"GIS & Spatial Mapping, Financial Modeling",4,2026-T1,4,17.3,3,176,1.5,1,8.0,2,1.4,3,1,3,4,50.4,59.6,HIGH
UTB-LEC-032,BSc Computer Engineering,FULL_TIME,10,Distributed Systems & Parallel Computing,"GIS & Spatial Mapping, Financial Modeling",4,2026-T1,5,16.5,3,176,1.5,7,4.0,0,9.0,11,5,6,3,52.2,88.2,CRITICAL
UTB-LEC-032,BSc Computer Engineering,FULL_TIME,10,Distributed Systems & Parallel Computing,"GIS & Spatial Mapping, Financial Modeling",4,2026-T1,6,17.7,3,176,1.0,2,0.0,2,7.6,9,9,8,4,47.9,91.2,CRITICAL
UTB-LEC-032,BSc Computer Engineering,FULL_TIME,10,Distributed Systems & Parallel Computing,"GIS & Spatial Mapping, Financial Modeling",4,2026-T1,7,16.9,3,176,2.5,6,4.0,2,4.0,0,3,4,3,55.0,71.4,HIGH
UTB-LEC-032,BSc Computer Engineering,FULL_TIME,10,Distributed Systems & Parallel Computing,"GIS & Spatial Mapping, Financial Modeling",4,2026-T1,8,16.8,3,176,1.5,2,2.0,1,2.0,2,4,6,1,41.9,74.7,HIGH
UTB-LEC-032,BSc Computer Engineering,FULL_TIME,10,Distributed Systems & Parallel Computing,"GIS & Spatial Mapping, Financial Modeling",4,2026-T1,9,17.0,3,176,2.0,4,0.0,2,1.1,2,1,4,4,42.7,57.2,HIGH
UTB-LEC-032,BSc Computer Engineering,FULL_TIME,10,Distributed Systems & Parallel Computing,"GIS & Spatial Mapping, Financial Modeling",4,2026-T1,10,16.5,3,176,2.0,6,4.0,0,5.6,8,6,8,5,48.9,83.4,CRITICAL
UTB-LEC-032,BSc Computer Engineering,FULL_TIME,10,Distributed Systems & Parallel Computing,"GIS & Spatial Mapping, Financial Modeling",4,2026-T1,11,17.1,3,176,1.0,2,2.0,2,9.1,8,6,7,1,49.3,90.5,CRITICAL
UTB-LEC-032,BSc Computer Engineering,FULL_TIME,10,Distributed Systems & Parallel Computing,"GIS & Spatial Mapping, Financial Modeling",4,2026-T2,1,16.9,3,176,1.5,3,0.0,1,0.6,1,4,2,3,37.9,48.9,MODERATE
UTB-LEC-032,BSc Computer Engineering,FULL_TIME,10,Distributed Systems & Parallel Computing,"GIS & Spatial Mapping, Financial Modeling",4,2026-T2,2,16.9,3,176,2.0,3,0.0,0,2.5,1,1,2,4,42.5,50.7,MODERATE
UTB-LEC-032,BSc Computer Engineering,FULL_TIME,10,Distributed Systems & Parallel Computing,"GIS & Spatial Mapping, Financial Modeling",4,2026-T2,3,16.7,3,176,1.5,4,2.0,1,3.4,0,0,3,3,42.9,53.7,MODERATE
UTB-LEC-032,BSc Computer Engineering,FULL_TIME,10,Distributed Systems & Parallel Computing,"GIS & Spatial Mapping, Financial Modeling",4,2026-T2,4,17.3,3,176,1.5,2,2.0,0,3.2,3,2,5,1,42.0,71.0,HIGH
UTB-LEC-032,BSc Computer Engineering,FULL_TIME,10,Distributed Systems & Parallel Computing,"GIS & Spatial Mapping, Financial Modeling",4,2026-T2,5,16.3,3,176,1.5,7,2.0,2,5.0,11,5,10,3,48.7,92.7,CRITICAL
UTB-LEC-032,BSc Computer Engineering,FULL_TIME,10,Distributed Systems & Parallel Computing,"GIS & Spatial Mapping, Financial Modeling",4,2026-T2,6,17.9,3,176,1.5,5,0.0,2,4.2,7,9,10,5,47.7,89.1,CRITICAL
UTB-LEC-032,BSc Computer Engineering,FULL_TIME,10,Distributed Systems & Parallel Computing,"GIS & Spatial Mapping, Financial Modeling",4,2026-T2,7,16.3,3,176,1.0,3,0.0,1,1.3,0,0,6,3,35.6,54.6,MODERATE
UTB-LEC-032,BSc Computer Engineering,FULL_TIME,10,Distributed Systems & Parallel Computing,"GIS & Spatial Mapping, Financial Modeling",4,2026-T2,8,17.0,3,176,2.0,2,0.0,0,2.3,0,3,3,1,43.6,67.5,HIGH
UTB-LEC-032,BSc Computer Engineering,FULL_TIME,10,Distributed Systems & Parallel Computing,"GIS & Spatial Mapping, Financial Modeling",4,2026-T2,9,17.0,3,176,1.5,6,4.0,0,1.4,3,1,4,1,42.2,65.2,HIGH
UTB-LEC-032,BSc Computer Engineering,FULL_TIME,10,Distributed Systems & Parallel Computing,"GIS & Spatial Mapping, Financial Modeling",4,2026-T2,10,16.8,3,176,1.5,3,0.0,0,8.7,9,9,8,4,45.0,83.8,CRITICAL
UTB-LEC-032,BSc Computer Engineering,FULL_TIME,10,Distributed Systems & Parallel Computing,"GIS & Spatial Mapping, Financial Modeling",4,2026-T2,11,16.6,3,176,1.5,2,0.0,1,6.0,3,8,7,3,43.0,76.1,CRITICAL
UTB-LEC-033,BSc Transport & Logistics Mgmt,FULL_TIME,7,Port & Warehouse Terminal Operations,"Research Methodology, Public Speaking & Pedagogy",2,2026-T1,1,7.2,2,106,2.5,7,0.0,1,2.0,1,0,3,5,28.0,31.5,LOW
UTB-LEC-033,BSc Transport & Logistics Mgmt,FULL_TIME,7,Port & Warehouse Terminal Operations,"Research Methodology, Public Speaking & Pedagogy",2,2026-T1,2,8.5,2,106,2.0,5,0.0,2,2.9,1,2,5,3,29.6,49.9,MODERATE
UTB-LEC-033,BSc Transport & Logistics Mgmt,FULL_TIME,7,Port & Warehouse Terminal Operations,"Research Methodology, Public Speaking & Pedagogy",2,2026-T1,3,7.6,2,106,1.5,3,2.0,2,2.3,1,0,6,2,28.8,49.5,MODERATE
UTB-LEC-033,BSc Transport & Logistics Mgmt,FULL_TIME,7,Port & Warehouse Terminal Operations,"Research Methodology, Public Speaking & Pedagogy",2,2026-T1,4,7.1,2,106,1.0,2,0.0,1,1.7,3,0,2,3,19.7,35.4,MODERATE
UTB-LEC-033,BSc Transport & Logistics Mgmt,FULL_TIME,7,Port & Warehouse Terminal Operations,"Research Methodology, Public Speaking & Pedagogy",2,2026-T1,5,8.7,2,106,1.5,3,2.0,0,6.1,11,6,6,4,28.5,62.3,HIGH
UTB-LEC-033,BSc Transport & Logistics Mgmt,FULL_TIME,7,Port & Warehouse Terminal Operations,"Research Methodology, Public Speaking & Pedagogy",2,2026-T1,6,8.4,2,106,2.5,2,12.0,0,4.8,9,7,9,5,38.7,78.1,CRITICAL
UTB-LEC-033,BSc Transport & Logistics Mgmt,FULL_TIME,7,Port & Warehouse Terminal Operations,"Research Methodology, Public Speaking & Pedagogy",2,2026-T1,7,8.2,2,106,1.0,3,0.0,0,3.0,1,2,3,2,19.8,40.7,MODERATE
UTB-LEC-033,BSc Transport & Logistics Mgmt,FULL_TIME,7,Port & Warehouse Terminal Operations,"Research Methodology, Public Speaking & Pedagogy",2,2026-T1,8,7.8,2,106,2.0,4,2.0,1,0.7,2,1,4,1,25.4,51.7,MODERATE
UTB-LEC-033,BSc Transport & Logistics Mgmt,FULL_TIME,7,Port & Warehouse Terminal Operations,"Research Methodology, Public Speaking & Pedagogy",2,2026-T1,9,8.3,2,106,1.0,7,0.0,0,1.6,0,4,4,2,23.6,48.9,MODERATE
UTB-LEC-033,BSc Transport & Logistics Mgmt,FULL_TIME,7,Port & Warehouse Terminal Operations,"Research Methodology, Public Speaking & Pedagogy",2,2026-T1,10,7.1,2,106,2.0,1,8.0,2,8.5,7,8,10,5,37.9,76.2,CRITICAL
UTB-LEC-033,BSc Transport & Logistics Mgmt,FULL_TIME,7,Port & Warehouse Terminal Operations,"Research Methodology, Public Speaking & Pedagogy",2,2026-T1,11,8.1,2,106,1.0,2,4.0,0,5.3,8,5,6,5,27.2,55.6,HIGH
UTB-LEC-033,BSc Transport & Logistics Mgmt,FULL_TIME,7,Port & Warehouse Terminal Operations,"Research Methodology, Public Speaking & Pedagogy",2,2026-T2,1,7.2,2,106,2.5,6,0.0,0,3.7,3,4,4,3,25.1,49.2,MODERATE
UTB-LEC-033,BSc Transport & Logistics Mgmt,FULL_TIME,7,Port & Warehouse Terminal Operations,"Research Methodology, Public Speaking & Pedagogy",2,2026-T2,2,8.1,2,106,1.5,5,0.0,0,0.4,3,4,3,3,22.4,45.2,MODERATE
UTB-LEC-033,BSc Transport & Logistics Mgmt,FULL_TIME,7,Port & Warehouse Terminal Operations,"Research Methodology, Public Speaking & Pedagogy",2,2026-T2,3,8.3,2,106,1.0,5,0.0,0,2.8,1,4,4,1,21.8,53.7,MODERATE
UTB-LEC-033,BSc Transport & Logistics Mgmt,FULL_TIME,7,Port & Warehouse Terminal Operations,"Research Methodology, Public Speaking & Pedagogy",2,2026-T2,4,6.8,2,106,2.5,4,0.0,0,3.9,0,4,6,4,24.7,46.1,MODERATE
UTB-LEC-033,BSc Transport & Logistics Mgmt,FULL_TIME,7,Port & Warehouse Terminal Operations,"Research Methodology, Public Speaking & Pedagogy",2,2026-T2,5,8.4,2,106,1.5,6,0.0,0,4.6,7,9,7,4,26.2,66.8,HIGH
UTB-LEC-033,BSc Transport & Logistics Mgmt,FULL_TIME,7,Port & Warehouse Terminal Operations,"Research Methodology, Public Speaking & Pedagogy",2,2026-T2,6,8.7,2,106,1.5,4,0.0,1,7.0,11,11,9,1,28.8,89.6,CRITICAL
UTB-LEC-033,BSc Transport & Logistics Mgmt,FULL_TIME,7,Port & Warehouse Terminal Operations,"Research Methodology, Public Speaking & Pedagogy",2,2026-T2,7,8.4,2,106,1.5,3,2.0,0,0.3,1,3,3,4,22.9,35.2,MODERATE
UTB-LEC-033,BSc Transport & Logistics Mgmt,FULL_TIME,7,Port & Warehouse Terminal Operations,"Research Methodology, Public Speaking & Pedagogy",2,2026-T2,8,7.3,2,106,1.0,1,0.0,0,1.4,1,2,5,1,17.4,47.6,MODERATE
UTB-LEC-033,BSc Transport & Logistics Mgmt,FULL_TIME,7,Port & Warehouse Terminal Operations,"Research Methodology, Public Speaking & Pedagogy",2,2026-T2,9,7.9,2,106,2.0,3,0.0,2,1.6,3,3,5,1,28.5,58.4,HIGH
UTB-LEC-033,BSc Transport & Logistics Mgmt,FULL_TIME,7,Port & Warehouse Terminal Operations,"Research Methodology, Public Speaking & Pedagogy",2,2026-T2,10,7.3,2,106,2.0,4,0.0,0,4.2,4,10,10,3,24.9,71.9,HIGH
UTB-LEC-033,BSc Transport & Logistics Mgmt,FULL_TIME,7,Port & Warehouse Terminal Operations,"Research Methodology, Public Speaking & Pedagogy",2,2026-T2,11,7.6,2,106,1.0,1,0.0,0,5.2,7,9,7,2,20.6,67.9,HIGH
UTB-LEC-034,BA Hotel & Restaurant Management,FULL_TIME,2,Hotel Asset Management & Quality Audit,"Quality Assurance, Project Management (PMP)",2,2026-T1,1,8.5,2,80,1.5,7,0.0,0,0.7,3,0,2,2,20.8,37.0,MODERATE
UTB-LEC-034,BA Hotel & Restaurant Management,FULL_TIME,2,Hotel Asset Management & Quality Audit,"Quality Assurance, Project Management (PMP)",2,2026-T1,2,8.6,2,80,1.5,8,0.0,0,3.0,0,3,3,3,22.7,40.1,MODERATE
UTB-LEC-034,BA Hotel & Restaurant Management,FULL_TIME,2,Hotel Asset Management & Quality Audit,"Quality Assurance, Project Management (PMP)",2,2026-T1,3,9.4,2,80,1.0,6,0.0,1,0.7,3,0,2,3,23.3,36.1,MODERATE
UTB-LEC-034,BA Hotel & Restaurant Management,FULL_TIME,2,Hotel Asset Management & Quality Audit,"Quality Assurance, Project Management (PMP)",2,2026-T1,4,9.6,2,80,2.0,5,4.0,0,2.1,0,2,6,2,28.8,53.5,MODERATE
UTB-LEC-034,BA Hotel & Restaurant Management,FULL_TIME,2,Hotel Asset Management & Quality Audit,"Quality Assurance, Project Management (PMP)",2,2026-T1,5,8.0,2,80,2.0,3,0.0,0,9.1,7,5,6,4,26.6,57.4,HIGH
UTB-LEC-034,BA Hotel & Restaurant Management,FULL_TIME,2,Hotel Asset Management & Quality Audit,"Quality Assurance, Project Management (PMP)",2,2026-T1,6,9.7,2,80,2.0,2,0.0,0,9.5,6,11,6,1,31.9,79.9,CRITICAL
UTB-LEC-034,BA Hotel & Restaurant Management,FULL_TIME,2,Hotel Asset Management & Quality Audit,"Quality Assurance, Project Management (PMP)",2,2026-T1,7,9.8,2,80,1.5,2,0.0,1,3.7,3,0,6,5,24.8,41.7,MODERATE
UTB-LEC-034,BA Hotel & Restaurant Management,FULL_TIME,2,Hotel Asset Management & Quality Audit,"Quality Assurance, Project Management (PMP)",2,2026-T1,8,8.0,2,80,1.5,2,0.0,1,2.2,1,2,6,4,23.2,44.2,MODERATE
UTB-LEC-034,BA Hotel & Restaurant Management,FULL_TIME,2,Hotel Asset Management & Quality Audit,"Quality Assurance, Project Management (PMP)",2,2026-T1,9,8.2,2,80,1.0,4,2.0,1,1.8,2,4,2,1,23.1,50.1,MODERATE
UTB-LEC-034,BA Hotel & Restaurant Management,FULL_TIME,2,Hotel Asset Management & Quality Audit,"Quality Assurance, Project Management (PMP)",2,2026-T1,10,8.2,2,80,1.5,7,2.0,1,7.5,10,7,10,2,31.9,85.2,CRITICAL
UTB-LEC-034,BA Hotel & Restaurant Management,FULL_TIME,2,Hotel Asset Management & Quality Audit,"Quality Assurance, Project Management (PMP)",2,2026-T1,11,8.7,2,80,2.0,7,2.0,0,6.5,5,8,9,5,30.5,69.3,HIGH
UTB-LEC-034,BA Hotel & Restaurant Management,FULL_TIME,2,Hotel Asset Management & Quality Audit,"Quality Assurance, Project Management (PMP)",2,2026-T2,1,8.7,2,80,2.0,6,2.0,0,1.2,1,1,4,4,25.6,37.6,MODERATE
UTB-LEC-034,BA Hotel & Restaurant Management,FULL_TIME,2,Hotel Asset Management & Quality Audit,"Quality Assurance, Project Management (PMP)",2,2026-T2,2,7.9,2,80,2.0,1,0.0,0,1.4,1,0,2,5,20.5,26.9,LOW
UTB-LEC-034,BA Hotel & Restaurant Management,FULL_TIME,2,Hotel Asset Management & Quality Audit,"Quality Assurance, Project Management (PMP)",2,2026-T2,3,8.3,2,80,1.5,2,4.0,1,3.0,3,2,2,4,27.3,38.8,MODERATE
UTB-LEC-034,BA Hotel & Restaurant Management,FULL_TIME,2,Hotel Asset Management & Quality Audit,"Quality Assurance, Project Management (PMP)",2,2026-T2,4,8.9,2,80,2.0,4,0.0,1,0.7,1,4,4,2,24.7,46.5,MODERATE
UTB-LEC-034,BA Hotel & Restaurant Management,FULL_TIME,2,Hotel Asset Management & Quality Audit,"Quality Assurance, Project Management (PMP)",2,2026-T2,5,9.0,2,80,1.0,5,0.0,1,7.7,6,8,9,2,28.4,77.1,CRITICAL
UTB-LEC-034,BA Hotel & Restaurant Management,FULL_TIME,2,Hotel Asset Management & Quality Audit,"Quality Assurance, Project Management (PMP)",2,2026-T2,6,7.9,2,80,1.5,3,0.0,0,8.3,7,7,7,3,25.8,62.9,HIGH
UTB-LEC-034,BA Hotel & Restaurant Management,FULL_TIME,2,Hotel Asset Management & Quality Audit,"Quality Assurance, Project Management (PMP)",2,2026-T2,7,9.3,2,80,2.5,0,2.0,0,2.8,3,1,4,3,24.9,43.8,MODERATE
UTB-LEC-034,BA Hotel & Restaurant Management,FULL_TIME,2,Hotel Asset Management & Quality Audit,"Quality Assurance, Project Management (PMP)",2,2026-T2,8,9.1,2,80,1.0,2,0.0,1,2.1,2,4,4,3,20.9,44.8,MODERATE
UTB-LEC-034,BA Hotel & Restaurant Management,FULL_TIME,2,Hotel Asset Management & Quality Audit,"Quality Assurance, Project Management (PMP)",2,2026-T2,9,8.4,2,80,2.5,4,0.0,2,3.9,2,0,2,5,27.4,32.7,LOW
UTB-LEC-034,BA Hotel & Restaurant Management,FULL_TIME,2,Hotel Asset Management & Quality Audit,"Quality Assurance, Project Management (PMP)",2,2026-T2,10,8.3,2,80,1.5,2,0.0,0,9.3,7,9,10,3,28.4,78.2,CRITICAL
UTB-LEC-034,BA Hotel & Restaurant Management,FULL_TIME,2,Hotel Asset Management & Quality Audit,"Quality Assurance, Project Management (PMP)",2,2026-T2,11,9.3,2,80,1.5,5,0.0,0,9.8,5,9,10,5,30.8,70.8,HIGH
UTB-LEC-035,BA Community Development,FULL_TIME,5,Gender & Social Inclusion Policy,"Project Management (PMP), Public Speaking & Pedagogy",4,2026-T1,1,14.2,2,120,1.0,1,8.0,0,2.9,3,1,4,5,38.4,50.6,MODERATE
UTB-LEC-035,BA Community Development,FULL_TIME,5,Gender & Social Inclusion Policy,"Project Management (PMP), Public Speaking & Pedagogy",4,2026-T1,2,14.1,2,120,1.0,5,2.0,0,3.1,2,0,2,2,33.2,42.8,MODERATE
UTB-LEC-035,BA Community Development,FULL_TIME,5,Gender & Social Inclusion Policy,"Project Management (PMP), Public Speaking & Pedagogy",4,2026-T1,3,13.8,2,120,2.0,4,0.0,1,1.0,1,2,6,2,34.3,62.4,HIGH
UTB-LEC-035,BA Community Development,FULL_TIME,5,Gender & Social Inclusion Policy,"Project Management (PMP), Public Speaking & Pedagogy",4,2026-T1,4,15.0,2,120,2.0,3,0.0,0,0.5,2,0,5,3,33.4,50.4,MODERATE
UTB-LEC-035,BA Community Development,FULL_TIME,5,Gender & Social Inclusion Policy,"Project Management (PMP), Public Speaking & Pedagogy",4,2026-T1,5,15.5,2,120,1.5,5,8.0,2,6.6,9,5,8,2,50.9,94.1,CRITICAL
UTB-LEC-035,BA Community Development,FULL_TIME,5,Gender & Social Inclusion Policy,"Project Management (PMP), Public Speaking & Pedagogy",4,2026-T1,6,15.4,2,120,1.5,5,0.0,0,8.2,5,8,7,4,41.1,74.5,HIGH
UTB-LEC-035,BA Community Development,FULL_TIME,5,Gender & Social Inclusion Policy,"Project Management (PMP), Public Speaking & Pedagogy",4,2026-T1,7,14.2,2,120,2.0,3,4.0,2,2.4,1,4,5,2,42.3,69.7,HIGH
UTB-LEC-035,BA Community Development,FULL_TIME,5,Gender & Social Inclusion Policy,"Project Management (PMP), Public Speaking & Pedagogy",4,2026-T1,8,14.5,2,120,2.0,2,0.0,0,1.2,0,3,3,1,33.9,54.5,MODERATE
UTB-LEC-035,BA Community Development,FULL_TIME,5,Gender & Social Inclusion Policy,"Project Management (PMP), Public Speaking & Pedagogy",4,2026-T1,9,14.6,2,120,2.0,4,0.0,0,3.8,1,0,5,4,36.5,50.0,MODERATE
UTB-LEC-035,BA Community Development,FULL_TIME,5,Gender & Social Inclusion Policy,"Project Management (PMP), Public Speaking & Pedagogy",4,2026-T1,10,14.5,2,120,2.0,3,0.0,2,7.0,8,11,7,1,44.1,93.9,CRITICAL
UTB-LEC-035,BA Community Development,FULL_TIME,5,Gender & Social Inclusion Policy,"Project Management (PMP), Public Speaking & Pedagogy",4,2026-T1,11,15.3,2,120,1.5,3,2.0,0,9.2,5,10,10,4,43.2,86.7,CRITICAL
UTB-LEC-035,BA Community Development,FULL_TIME,5,Gender & Social Inclusion Policy,"Project Management (PMP), Public Speaking & Pedagogy",4,2026-T2,1,15.3,2,120,1.5,2,2.0,0,1.6,3,0,5,3,33.5,53.3,MODERATE
UTB-LEC-035,BA Community Development,FULL_TIME,5,Gender & Social Inclusion Policy,"Project Management (PMP), Public Speaking & Pedagogy",4,2026-T2,2,14.7,2,120,2.0,4,0.0,0,3.3,1,4,5,5,36.2,52.7,MODERATE
UTB-LEC-035,BA Community Development,FULL_TIME,5,Gender & Social Inclusion Policy,"Project Management (PMP), Public Speaking & Pedagogy",4,2026-T2,3,14.9,2,120,2.5,4,12.0,0,2.2,0,2,5,4,48.7,64.8,HIGH
UTB-LEC-035,BA Community Development,FULL_TIME,5,Gender & Social Inclusion Policy,"Project Management (PMP), Public Speaking & Pedagogy",4,2026-T2,4,13.7,2,120,2.5,0,8.0,0,2.0,1,0,4,5,41.7,51.5,MODERATE
UTB-LEC-035,BA Community Development,FULL_TIME,5,Gender & Social Inclusion Policy,"Project Management (PMP), Public Speaking & Pedagogy",4,2026-T2,5,14.3,2,120,1.0,6,0.0,2,9.1,9,8,9,1,43.6,94.5,CRITICAL
UTB-LEC-035,BA Community Development,FULL_TIME,5,Gender & Social Inclusion Policy,"Project Management (PMP), Public Speaking & Pedagogy",4,2026-T2,6,15.3,2,120,1.5,2,0.0,0,8.2,6,11,7,1,39.9,88.6,CRITICAL
UTB-LEC-035,BA Community Development,FULL_TIME,5,Gender & Social Inclusion Policy,"Project Management (PMP), Public Speaking & Pedagogy",4,2026-T2,7,14.6,2,120,2.5,5,0.0,2,3.2,3,0,2,4,41.8,47.0,MODERATE
UTB-LEC-035,BA Community Development,FULL_TIME,5,Gender & Social Inclusion Policy,"Project Management (PMP), Public Speaking & Pedagogy",4,2026-T2,8,14.7,2,120,1.0,3,2.0,2,3.2,2,4,2,4,37.8,46.3,MODERATE
UTB-LEC-035,BA Community Development,FULL_TIME,5,Gender & Social Inclusion Policy,"Project Management (PMP), Public Speaking & Pedagogy",4,2026-T2,9,14.5,2,120,1.0,6,4.0,1,2.6,2,4,5,3,37.3,60.8,HIGH
UTB-LEC-035,BA Community Development,FULL_TIME,5,Gender & Social Inclusion Policy,"Project Management (PMP), Public Speaking & Pedagogy",4,2026-T2,10,14.0,2,120,2.0,5,4.0,2,9.7,10,4,7,2,49.6,86.8,CRITICAL
UTB-LEC-035,BA Community Development,FULL_TIME,5,Gender & Social Inclusion Policy,"Project Management (PMP), Public Speaking & Pedagogy",4,2026-T2,11,15.4,2,120,1.0,5,0.0,1,5.6,10,4,9,2,38.8,84.0,CRITICAL
UTB-LEC-036,BSc Travel & Tourism Management,FULL_TIME,3,Destination Marketing & Branding,"GIS & Spatial Mapping, Project Management (PMP)",2,2026-T1,1,7.8,2,92,2.0,2,0.0,2,3.5,3,2,3,2,26.5,42.1,MODERATE
UTB-LEC-036,BSc Travel & Tourism Management,FULL_TIME,3,Destination Marketing & Branding,"GIS & Spatial Mapping, Project Management (PMP)",2,2026-T1,2,9.4,2,92,2.0,8,0.0,2,0.2,0,1,2,3,29.2,40.5,MODERATE
UTB-LEC-036,BSc Travel & Tourism Management,FULL_TIME,3,Destination Marketing & Branding,"GIS & Spatial Mapping, Project Management (PMP)",2,2026-T1,3,9.5,2,92,1.5,3,2.0,0,2.5,1,2,3,3,24.6,40.2,MODERATE
UTB-LEC-036,BSc Travel & Tourism Management,FULL_TIME,3,Destination Marketing & Branding,"GIS & Spatial Mapping, Project Management (PMP)",2,2026-T1,4,9.0,2,92,1.5,7,0.0,0,1.1,3,1,6,2,22.2,48.5,MODERATE
UTB-LEC-036,BSc Travel & Tourism Management,FULL_TIME,3,Destination Marketing & Branding,"GIS & Spatial Mapping, Project Management (PMP)",2,2026-T1,5,8.8,2,92,2.5,1,0.0,1,6.3,4,11,7,3,29.3,68.3,HIGH
UTB-LEC-036,BSc Travel & Tourism Management,FULL_TIME,3,Destination Marketing & Branding,"GIS & Spatial Mapping, Project Management (PMP)",2,2026-T1,6,7.7,2,92,2.0,5,2.0,0,5.0,7,7,7,3,26.4,66.1,HIGH
UTB-LEC-036,BSc Travel & Tourism Management,FULL_TIME,3,Destination Marketing & Branding,"GIS & Spatial Mapping, Project Management (PMP)",2,2026-T1,7,8.1,2,92,1.5,8,0.0,2,2.8,0,2,3,1,29.2,50.3,MODERATE
UTB-LEC-036,BSc Travel & Tourism Management,FULL_TIME,3,Destination Marketing & Branding,"GIS & Spatial Mapping, Project Management (PMP)",2,2026-T1,8,9.0,2,92,1.5,3,0.0,2,2.0,2,0,3,3,25.7,36.0,MODERATE
UTB-LEC-036,BSc Travel & Tourism Management,FULL_TIME,3,Destination Marketing & Branding,"GIS & Spatial Mapping, Project Management (PMP)",2,2026-T1,9,8.8,2,92,1.5,4,4.0,0,0.0,3,2,2,4,25.4,37.1,MODERATE
UTB-LEC-036,BSc Travel & Tourism Management,FULL_TIME,3,Destination Marketing & Branding,"GIS & Spatial Mapping, Project Management (PMP)",2,2026-T1,10,8.9,2,92,1.5,5,0.0,2,8.3,11,4,9,4,34.2,72.4,HIGH
UTB-LEC-036,BSc Travel & Tourism Management,FULL_TIME,3,Destination Marketing & Branding,"GIS & Spatial Mapping, Project Management (PMP)",2,2026-T1,11,8.0,2,92,1.5,3,0.0,0,5.1,6,4,10,3,24.5,63.9,HIGH
UTB-LEC-036,BSc Travel & Tourism Management,FULL_TIME,3,Destination Marketing & Branding,"GIS & Spatial Mapping, Project Management (PMP)",2,2026-T2,1,8.4,2,92,1.5,5,2.0,2,0.9,2,1,2,5,26.6,31.2,LOW
UTB-LEC-036,BSc Travel & Tourism Management,FULL_TIME,3,Destination Marketing & Branding,"GIS & Spatial Mapping, Project Management (PMP)",2,2026-T2,2,8.0,2,92,2.0,7,2.0,0,3.1,2,1,3,1,27.6,48.1,MODERATE
UTB-LEC-036,BSc Travel & Tourism Management,FULL_TIME,3,Destination Marketing & Branding,"GIS & Spatial Mapping, Project Management (PMP)",2,2026-T2,3,9.3,2,92,2.0,8,2.0,1,0.5,2,1,5,5,27.2,38.6,MODERATE
UTB-LEC-036,BSc Travel & Tourism Management,FULL_TIME,3,Destination Marketing & Branding,"GIS & Spatial Mapping, Project Management (PMP)",2,2026-T2,4,8.8,2,92,2.0,1,2.0,0,3.2,3,2,2,4,25.0,35.6,MODERATE
UTB-LEC-036,BSc Travel & Tourism Management,FULL_TIME,3,Destination Marketing & Branding,"GIS & Spatial Mapping, Project Management (PMP)",2,2026-T2,5,8.1,2,92,1.5,3,0.0,2,8.0,4,6,8,4,31.3,66.4,HIGH
UTB-LEC-036,BSc Travel & Tourism Management,FULL_TIME,3,Destination Marketing & Branding,"GIS & Spatial Mapping, Project Management (PMP)",2,2026-T2,6,8.9,2,92,1.5,2,0.0,2,8.5,9,6,9,3,32.5,74.7,HIGH
UTB-LEC-036,BSc Travel & Tourism Management,FULL_TIME,3,Destination Marketing & Branding,"GIS & Spatial Mapping, Project Management (PMP)",2,2026-T2,7,9.2,2,92,1.5,1,0.0,0,0.4,0,3,6,2,20.4,51.8,MODERATE
UTB-LEC-036,BSc Travel & Tourism Management,FULL_TIME,3,Destination Marketing & Branding,"GIS & Spatial Mapping, Project Management (PMP)",2,2026-T2,8,7.7,2,92,1.0,5,0.0,1,0.7,1,2,5,4,19.8,39.9,MODERATE
UTB-LEC-036,BSc Travel & Tourism Management,FULL_TIME,3,Destination Marketing & Branding,"GIS & Spatial Mapping, Project Management (PMP)",2,2026-T2,9,8.1,2,92,1.5,4,8.0,1,2.7,0,1,4,2,32.1,48.4,MODERATE
UTB-LEC-036,BSc Travel & Tourism Management,FULL_TIME,3,Destination Marketing & Branding,"GIS & Spatial Mapping, Project Management (PMP)",2,2026-T2,10,9.3,2,92,2.0,2,2.0,0,6.7,10,4,6,4,29.7,59.8,HIGH
UTB-LEC-036,BSc Travel & Tourism Management,FULL_TIME,3,Destination Marketing & Branding,"GIS & Spatial Mapping, Project Management (PMP)",2,2026-T2,11,8.9,2,92,2.0,3,0.0,1,4.6,9,11,8,4,28.4,75.3,CRITICAL
UTB-LEC-037,Bachelor of Business Management,FULL_TIME,15,Entrepreneurship & Innovation,"GIS & Spatial Mapping, Quality Assurance",3,2026-T1,1,12.5,3,105,1.5,2,0.0,2,2.2,1,0,5,2,31.7,54.3,MODERATE
UTB-LEC-037,Bachelor of Business Management,FULL_TIME,15,Entrepreneurship & Innovation,"GIS & Spatial Mapping, Quality Assurance",3,2026-T1,2,12.7,3,105,2.5,2,8.0,2,3.4,1,1,2,2,45.6,59.5,HIGH
UTB-LEC-037,Bachelor of Business Management,FULL_TIME,15,Entrepreneurship & Innovation,"GIS & Spatial Mapping, Quality Assurance",3,2026-T1,3,11.3,3,105,1.5,3,8.0,0,0.1,1,3,4,3,33.0,51.1,MODERATE
UTB-LEC-037,Bachelor of Business Management,FULL_TIME,15,Entrepreneurship & Innovation,"GIS & Spatial Mapping, Quality Assurance",3,2026-T1,4,11.8,3,105,1.5,3,12.0,2,1.8,1,4,4,5,43.3,54.6,MODERATE
UTB-LEC-037,Bachelor of Business Management,FULL_TIME,15,Entrepreneurship & Innovation,"GIS & Spatial Mapping, Quality Assurance",3,2026-T1,5,11.8,3,105,2.0,2,0.0,0,7.1,6,4,8,3,35.0,71.8,HIGH
UTB-LEC-037,Bachelor of Business Management,FULL_TIME,15,Entrepreneurship & Innovation,"GIS & Spatial Mapping, Quality Assurance",3,2026-T1,6,12.6,3,105,1.5,3,0.0,2,7.4,5,5,6,4,37.9,61.9,HIGH
UTB-LEC-037,Bachelor of Business Management,FULL_TIME,15,Entrepreneurship & Innovation,"GIS & Spatial Mapping, Quality Assurance",3,2026-T1,7,10.8,3,105,2.0,2,0.0,0,2.5,1,0,3,5,25.3,32.1,LOW
UTB-LEC-037,Bachelor of Business Management,FULL_TIME,15,Entrepreneurship & Innovation,"GIS & Spatial Mapping, Quality Assurance",3,2026-T1,8,11.2,3,105,1.0,3,0.0,0,2.5,2,2,4,2,25.9,47.2,MODERATE
UTB-LEC-037,Bachelor of Business Management,FULL_TIME,15,Entrepreneurship & Innovation,"GIS & Spatial Mapping, Quality Assurance",3,2026-T1,9,12.2,3,105,1.5,7,4.0,2,0.7,0,1,5,3,38.8,53.7,MODERATE
UTB-LEC-037,Bachelor of Business Management,FULL_TIME,15,Entrepreneurship & Innovation,"GIS & Spatial Mapping, Quality Assurance",3,2026-T1,10,12.7,3,105,1.5,5,4.0,2,5.6,5,7,10,3,41.7,87.5,CRITICAL
UTB-LEC-037,Bachelor of Business Management,FULL_TIME,15,Entrepreneurship & Innovation,"GIS & Spatial Mapping, Quality Assurance",3,2026-T1,11,10.9,3,105,2.0,3,8.0,1,9.8,7,5,7,1,44.6,81.5,CRITICAL
UTB-LEC-037,Bachelor of Business Management,FULL_TIME,15,Entrepreneurship & Innovation,"GIS & Spatial Mapping, Quality Assurance",3,2026-T2,1,11.7,3,105,1.0,0,0.0,0,0.9,2,2,5,2,21.0,49.4,MODERATE
UTB-LEC-037,Bachelor of Business Management,FULL_TIME,15,Entrepreneurship & Innovation,"GIS & Spatial Mapping, Quality Assurance",3,2026-T2,2,12.6,3,105,1.5,2,0.0,0,2.4,1,4,6,1,29.6,64.3,HIGH
UTB-LEC-037,Bachelor of Business Management,FULL_TIME,15,Entrepreneurship & Innovation,"GIS & Spatial Mapping, Quality Assurance",3,2026-T2,3,10.8,3,105,2.0,8,8.0,0,0.4,2,0,5,1,35.9,62.4,HIGH
UTB-LEC-037,Bachelor of Business Management,FULL_TIME,15,Entrepreneurship & Innovation,"GIS & Spatial Mapping, Quality Assurance",3,2026-T2,4,12.6,3,105,2.5,2,4.0,1,0.7,3,0,6,3,36.3,54.6,MODERATE
UTB-LEC-037,Bachelor of Business Management,FULL_TIME,15,Entrepreneurship & Innovation,"GIS & Spatial Mapping, Quality Assurance",3,2026-T2,5,11.7,3,105,2.5,1,2.0,1,7.8,5,11,10,1,38.0,93.7,CRITICAL
UTB-LEC-037,Bachelor of Business Management,FULL_TIME,15,Entrepreneurship & Innovation,"GIS & Spatial Mapping, Quality Assurance",3,2026-T2,6,11.4,3,105,1.5,3,0.0,0,4.5,10,7,6,3,28.6,68.1,HIGH
UTB-LEC-037,Bachelor of Business Management,FULL_TIME,15,Entrepreneurship & Innovation,"GIS & Spatial Mapping, Quality Assurance",3,2026-T2,7,12.7,3,105,1.0,1,0.0,0,0.5,3,0,6,1,23.3,53.3,MODERATE
UTB-LEC-037,Bachelor of Business Management,FULL_TIME,15,Entrepreneurship & Innovation,"GIS & Spatial Mapping, Quality Assurance",3,2026-T2,8,11.5,3,105,1.0,6,0.0,1,2.1,0,3,5,1,27.6,57.8,HIGH
UTB-LEC-037,Bachelor of Business Management,FULL_TIME,15,Entrepreneurship & Innovation,"GIS & Spatial Mapping, Quality Assurance",3,2026-T2,9,11.5,3,105,2.0,5,2.0,0,2.7,3,0,4,3,31.7,49.8,MODERATE
UTB-LEC-037,Bachelor of Business Management,FULL_TIME,15,Entrepreneurship & Innovation,"GIS & Spatial Mapping, Quality Assurance",3,2026-T2,10,12.0,3,105,2.0,4,0.0,0,9.3,5,11,6,4,36.8,69.1,HIGH
UTB-LEC-037,Bachelor of Business Management,FULL_TIME,15,Entrepreneurship & Innovation,"GIS & Spatial Mapping, Quality Assurance",3,2026-T2,11,12.6,3,105,1.0,4,0.0,0,7.7,7,5,7,2,33.5,71.3,HIGH
UTB-LEC-038,BSc Information Technology,PART_TIME,5,Management Information Systems (MIS),"Digital Marketing, Data Analysis with Python",2,2026-T1,1,6.4,2,122,1.5,4,0.0,0,2.6,2,1,6,2,19.9,47.2,MODERATE
UTB-LEC-038,BSc Information Technology,PART_TIME,5,Management Information Systems (MIS),"Digital Marketing, Data Analysis with Python",2,2026-T1,2,7.6,2,122,1.5,0,0.0,1,2.6,2,0,4,3,22.9,37.0,MODERATE
UTB-LEC-038,BSc Information Technology,PART_TIME,5,Management Information Systems (MIS),"Digital Marketing, Data Analysis with Python",2,2026-T1,3,8.0,2,122,1.5,1,0.0,1,2.1,1,1,5,2,22.2,47.4,MODERATE
UTB-LEC-038,BSc Information Technology,PART_TIME,5,Management Information Systems (MIS),"Digital Marketing, Data Analysis with Python",2,2026-T1,4,7.5,2,122,1.0,0,0.0,0,0.6,3,3,2,3,16.2,32.2,LOW
UTB-LEC-038,BSc Information Technology,PART_TIME,5,Management Information Systems (MIS),"Digital Marketing, Data Analysis with Python",2,2026-T1,5,7.0,2,122,1.5,2,0.0,0,9.2,11,10,9,2,26.7,80.5,CRITICAL
UTB-LEC-038,BSc Information Technology,PART_TIME,5,Management Information Systems (MIS),"Digital Marketing, Data Analysis with Python",2,2026-T1,6,7.4,2,122,1.5,2,0.0,0,6.7,3,4,9,2,25.1,64.5,HIGH
UTB-LEC-038,BSc Information Technology,PART_TIME,5,Management Information Systems (MIS),"Digital Marketing, Data Analysis with Python",2,2026-T1,7,7.0,2,122,2.0,1,0.0,1,2.1,0,4,3,3,22.9,41.6,MODERATE
UTB-LEC-038,BSc Information Technology,PART_TIME,5,Management Information Systems (MIS),"Digital Marketing, Data Analysis with Python",2,2026-T1,8,8.2,2,122,1.0,1,0.0,2,3.4,2,2,2,5,24.9,33.3,LOW
UTB-LEC-038,BSc Information Technology,PART_TIME,5,Management Information Systems (MIS),"Digital Marketing, Data Analysis with Python",2,2026-T1,9,6.8,2,122,1.5,2,0.0,0,2.2,1,4,3,5,18.0,31.6,LOW
UTB-LEC-038,BSc Information Technology,PART_TIME,5,Management Information Systems (MIS),"Digital Marketing, Data Analysis with Python",2,2026-T1,10,8.2,2,122,1.5,3,0.0,0,5.1,10,11,10,2,26.4,84.9,CRITICAL
UTB-LEC-038,BSc Information Technology,PART_TIME,5,Management Information Systems (MIS),"Digital Marketing, Data Analysis with Python",2,2026-T1,11,6.4,2,122,1.5,1,0.0,0,8.7,6,5,9,1,22.4,67.0,HIGH
UTB-LEC-038,BSc Information Technology,PART_TIME,5,Management Information Systems (MIS),"Digital Marketing, Data Analysis with Python",2,2026-T2,1,6.9,2,122,1.0,0,0.0,0,4.0,0,2,4,1,18.7,41.0,MODERATE
UTB-LEC-038,BSc Information Technology,PART_TIME,5,Management Information Systems (MIS),"Digital Marketing, Data Analysis with Python",2,2026-T2,2,7.5,2,122,2.0,2,0.0,0,1.2,2,4,3,2,19.9,40.2,MODERATE
UTB-LEC-038,BSc Information Technology,PART_TIME,5,Management Information Systems (MIS),"Digital Marketing, Data Analysis with Python",2,2026-T2,3,6.3,2,122,1.5,1,0.0,1,0.3,2,1,2,2,18.6,33.3,LOW
UTB-LEC-038,BSc Information Technology,PART_TIME,5,Management Information Systems (MIS),"Digital Marketing, Data Analysis with Python",2,2026-T2,4,8.1,2,122,1.5,1,0.0,0,3.3,0,4,5,5,21.1,41.0,MODERATE
UTB-LEC-038,BSc Information Technology,PART_TIME,5,Management Information Systems (MIS),"Digital Marketing, Data Analysis with Python",2,2026-T2,5,8.2,2,122,2.0,0,0.0,2,4.5,8,8,7,1,28.0,72.3,HIGH
UTB-LEC-038,BSc Information Technology,PART_TIME,5,Management Information Systems (MIS),"Digital Marketing, Data Analysis with Python",2,2026-T2,6,8.3,2,122,2.0,1,0.0,0,6.6,4,8,9,3,27.4,69.8,HIGH
UTB-LEC-038,BSc Information Technology,PART_TIME,5,Management Information Systems (MIS),"Digital Marketing, Data Analysis with Python",2,2026-T2,7,7.5,2,122,1.0,0,0.0,1,2.5,1,4,2,2,18.1,40.8,MODERATE
UTB-LEC-038,BSc Information Technology,PART_TIME,5,Management Information Systems (MIS),"Digital Marketing, Data Analysis with Python",2,2026-T2,8,7.1,2,122,1.0,2,0.0,1,1.0,3,4,5,2,19.2,46.8,MODERATE
UTB-LEC-038,BSc Information Technology,PART_TIME,5,Management Information Systems (MIS),"Digital Marketing, Data Analysis with Python",2,2026-T2,9,7.6,2,122,2.0,0,0.0,2,0.5,3,3,4,2,26.0,51.2,MODERATE
UTB-LEC-038,BSc Information Technology,PART_TIME,5,Management Information Systems (MIS),"Digital Marketing, Data Analysis with Python",2,2026-T2,10,7.6,2,122,2.0,2,0.0,2,6.3,5,5,10,5,31.3,69.9,HIGH
UTB-LEC-038,BSc Information Technology,PART_TIME,5,Management Information Systems (MIS),"Digital Marketing, Data Analysis with Python",2,2026-T2,11,7.3,2,122,1.5,1,0.0,0,4.2,11,6,8,1,22.9,71.8,HIGH
UTB-LEC-039,BSc Computer Engineering,FULL_TIME,14,Embedded Systems & IoT,"Financial Modeling, Digital Marketing",4,2026-T1,1,17.9,4,244,2.0,3,0.0,1,2.9,2,4,4,4,49.2,69.9,HIGH
UTB-LEC-039,BSc Computer Engineering,FULL_TIME,14,Embedded Systems & IoT,"Financial Modeling, Digital Marketing",4,2026-T1,2,17.8,4,244,1.5,5,0.0,0,1.5,3,1,4,2,43.5,64.0,HIGH
UTB-LEC-039,BSc Computer Engineering,FULL_TIME,14,Embedded Systems & IoT,"Financial Modeling, Digital Marketing",4,2026-T1,3,18.3,4,244,1.5,3,0.0,0,2.9,3,0,3,5,46.2,52.9,MODERATE
UTB-LEC-039,BSc Computer Engineering,FULL_TIME,14,Embedded Systems & IoT,"Financial Modeling, Digital Marketing",4,2026-T1,4,17.6,4,244,1.0,3,2.0,1,2.2,0,3,5,2,44.3,68.6,HIGH
UTB-LEC-039,BSc Computer Engineering,FULL_TIME,14,Embedded Systems & IoT,"Financial Modeling, Digital Marketing",4,2026-T1,5,18.6,4,244,1.5,4,0.0,0,4.5,7,11,10,3,45.6,95.9,CRITICAL
UTB-LEC-039,BSc Computer Engineering,FULL_TIME,14,Embedded Systems & IoT,"Financial Modeling, Digital Marketing",4,2026-T1,6,17.4,4,244,2.0,5,0.0,0,6.6,9,11,8,1,51.5,98.0,CRITICAL
UTB-LEC-039,BSc Computer Engineering,FULL_TIME,14,Embedded Systems & IoT,"Financial Modeling, Digital Marketing",4,2026-T1,7,18.1,4,244,1.5,3,0.0,2,0.7,1,4,6,3,46.7,69.1,HIGH
UTB-LEC-039,BSc Computer Engineering,FULL_TIME,14,Embedded Systems & IoT,"Financial Modeling, Digital Marketing",4,2026-T1,8,17.5,4,244,1.5,3,0.0,0,2.1,3,1,2,3,40.8,52.3,MODERATE
UTB-LEC-039,BSc Computer Engineering,FULL_TIME,14,Embedded Systems & IoT,"Financial Modeling, Digital Marketing",4,2026-T1,9,18.1,4,244,2.0,2,0.0,0,3.5,1,2,3,2,47.3,63.7,HIGH
UTB-LEC-039,BSc Computer Engineering,FULL_TIME,14,Embedded Systems & IoT,"Financial Modeling, Digital Marketing",4,2026-T1,10,18.5,4,244,2.0,3,0.0,1,8.3,3,7,7,5,56.4,82.8,CRITICAL
UTB-LEC-039,BSc Computer Engineering,FULL_TIME,14,Embedded Systems & IoT,"Financial Modeling, Digital Marketing",4,2026-T1,11,17.8,4,244,1.5,6,0.0,1,7.4,10,6,7,1,51.4,94.4,CRITICAL
UTB-LEC-039,BSc Computer Engineering,FULL_TIME,14,Embedded Systems & IoT,"Financial Modeling, Digital Marketing",4,2026-T2,1,18.1,4,244,1.0,9,0.0,0,0.5,0,0,5,4,43.5,56.9,HIGH
UTB-LEC-039,BSc Computer Engineering,FULL_TIME,14,Embedded Systems & IoT,"Financial Modeling, Digital Marketing",4,2026-T2,2,18.5,4,244,1.5,4,2.0,1,2.9,1,2,4,5,49.4,58.3,HIGH
UTB-LEC-039,BSc Computer Engineering,FULL_TIME,14,Embedded Systems & IoT,"Financial Modeling, Digital Marketing",4,2026-T2,3,18.0,4,244,2.0,4,8.0,2,2.8,2,2,3,3,58.7,69.0,HIGH
UTB-LEC-039,BSc Computer Engineering,FULL_TIME,14,Embedded Systems & IoT,"Financial Modeling, Digital Marketing",4,2026-T2,4,17.1,4,244,1.5,5,0.0,1,3.0,0,4,3,4,46.0,58.1,HIGH
UTB-LEC-039,BSc Computer Engineering,FULL_TIME,14,Embedded Systems & IoT,"Financial Modeling, Digital Marketing",4,2026-T2,5,18.6,4,244,1.5,4,2.0,1,7.3,8,11,6,2,52.9,95.2,CRITICAL
UTB-LEC-039,BSc Computer Engineering,FULL_TIME,14,Embedded Systems & IoT,"Financial Modeling, Digital Marketing",4,2026-T2,6,17.4,4,244,1.5,9,0.0,1,5.3,6,6,7,1,51.2,93.4,CRITICAL
UTB-LEC-039,BSc Computer Engineering,FULL_TIME,14,Embedded Systems & IoT,"Financial Modeling, Digital Marketing",4,2026-T2,7,16.9,4,244,1.5,4,0.0,1,0.5,1,2,2,5,42.7,50.9,MODERATE
UTB-LEC-039,BSc Computer Engineering,FULL_TIME,14,Embedded Systems & IoT,"Financial Modeling, Digital Marketing",4,2026-T2,8,18.3,4,244,1.5,4,0.0,0,2.2,2,0,2,4,45.6,51.2,MODERATE
UTB-LEC-039,BSc Computer Engineering,FULL_TIME,14,Embedded Systems & IoT,"Financial Modeling, Digital Marketing",4,2026-T2,9,18.2,4,244,2.5,5,12.0,0,1.1,0,1,2,2,64.1,73.7,HIGH
UTB-LEC-039,BSc Computer Engineering,FULL_TIME,14,Embedded Systems & IoT,"Financial Modeling, Digital Marketing",4,2026-T2,10,17.4,4,244,1.5,10,4.0,0,5.2,7,8,7,4,53.6,83.0,CRITICAL
UTB-LEC-039,BSc Computer Engineering,FULL_TIME,14,Embedded Systems & IoT,"Financial Modeling, Digital Marketing",4,2026-T2,11,18.5,4,244,2.0,3,0.0,0,6.6,8,8,7,1,53.6,97.7,CRITICAL
UTB-LEC-040,BSc Transport & Logistics Mgmt,FULL_TIME,15,Port & Warehouse Terminal Operations,"Project Management (PMP), Digital Marketing",4,2026-T1,1,16.6,3,228,1.5,5,4.0,1,0.7,1,3,6,5,47.1,63.0,HIGH
UTB-LEC-040,BSc Transport & Logistics Mgmt,FULL_TIME,15,Port & Warehouse Terminal Operations,"Project Management (PMP), Digital Marketing",4,2026-T1,2,16.4,3,228,1.5,3,0.0,2,0.5,2,1,2,2,41.5,56.2,HIGH
UTB-LEC-040,BSc Transport & Logistics Mgmt,FULL_TIME,15,Port & Warehouse Terminal Operations,"Project Management (PMP), Digital Marketing",4,2026-T1,3,16.3,3,228,1.5,6,0.0,0,3.5,1,4,2,2,44.1,61.1,HIGH
UTB-LEC-040,BSc Transport & Logistics Mgmt,FULL_TIME,15,Port & Warehouse Terminal Operations,"Project Management (PMP), Digital Marketing",4,2026-T1,4,15.3,3,228,1.5,2,0.0,0,0.5,1,0,5,4,38.9,50.8,MODERATE
UTB-LEC-040,BSc Transport & Logistics Mgmt,FULL_TIME,15,Port & Warehouse Terminal Operations,"Project Management (PMP), Digital Marketing",4,2026-T1,5,16.4,3,228,2.0,8,0.0,1,5.2,6,5,7,4,51.1,80.6,CRITICAL
UTB-LEC-040,BSc Transport & Logistics Mgmt,FULL_TIME,15,Port & Warehouse Terminal Operations,"Project Management (PMP), Digital Marketing",4,2026-T1,6,16.9,3,228,2.5,1,0.0,0,5.5,6,5,8,2,49.9,84.6,CRITICAL
UTB-LEC-040,BSc Transport & Logistics Mgmt,FULL_TIME,15,Port & Warehouse Terminal Operations,"Project Management (PMP), Digital Marketing",4,2026-T1,7,15.7,3,228,1.5,8,0.0,1,3.0,2,0,6,2,43.5,67.0,HIGH
UTB-LEC-040,BSc Transport & Logistics Mgmt,FULL_TIME,15,Port & Warehouse Terminal Operations,"Project Management (PMP), Digital Marketing",4,2026-T1,8,17.0,3,228,1.5,1,4.0,0,1.5,2,1,5,2,42.5,62.9,HIGH
UTB-LEC-040,BSc Transport & Logistics Mgmt,FULL_TIME,15,Port & Warehouse Terminal Operations,"Project Management (PMP), Digital Marketing",4,2026-T1,9,17.1,3,228,1.5,4,0.0,2,1.5,1,2,6,2,46.1,71.6,HIGH
UTB-LEC-040,BSc Transport & Logistics Mgmt,FULL_TIME,15,Port & Warehouse Terminal Operations,"Project Management (PMP), Digital Marketing",4,2026-T1,10,17.0,3,228,1.5,0,0.0,2,6.9,5,5,10,1,47.5,91.7,CRITICAL
UTB-LEC-040,BSc Transport & Logistics Mgmt,FULL_TIME,15,Port & Warehouse Terminal Operations,"Project Management (PMP), Digital Marketing",4,2026-T1,11,17.1,3,228,2.0,1,0.0,0,4.8,5,8,7,4,47.5,79.8,CRITICAL
UTB-LEC-040,BSc Transport & Logistics Mgmt,FULL_TIME,15,Port & Warehouse Terminal Operations,"Project Management (PMP), Digital Marketing",4,2026-T2,1,16.7,3,228,1.5,3,0.0,0,3.3,0,1,4,1,42.5,68.3,HIGH
UTB-LEC-040,BSc Transport & Logistics Mgmt,FULL_TIME,15,Port & Warehouse Terminal Operations,"Project Management (PMP), Digital Marketing",4,2026-T2,2,15.8,3,228,1.5,5,0.0,2,3.7,3,2,3,5,44.7,54.6,MODERATE
UTB-LEC-040,BSc Transport & Logistics Mgmt,FULL_TIME,15,Port & Warehouse Terminal Operations,"Project Management (PMP), Digital Marketing",4,2026-T2,3,16.4,3,228,1.5,4,8.0,1,4.0,2,0,6,4,52.5,67.9,HIGH
UTB-LEC-040,BSc Transport & Logistics Mgmt,FULL_TIME,15,Port & Warehouse Terminal Operations,"Project Management (PMP), Digital Marketing",4,2026-T2,4,16.4,3,228,2.0,2,0.0,1,0.2,0,2,6,4,44.4,63.7,HIGH
UTB-LEC-040,BSc Transport & Logistics Mgmt,FULL_TIME,15,Port & Warehouse Terminal Operations,"Project Management (PMP), Digital Marketing",4,2026-T2,5,15.7,3,228,2.0,3,0.0,1,7.3,5,5,10,5,50.7,82.6,CRITICAL
UTB-LEC-040,BSc Transport & Logistics Mgmt,FULL_TIME,15,Port & Warehouse Terminal Operations,"Project Management (PMP), Digital Marketing",4,2026-T2,6,15.6,3,228,2.0,6,0.0,0,6.5,7,6,10,4,47.7,89.1,CRITICAL
UTB-LEC-040,BSc Transport & Logistics Mgmt,FULL_TIME,15,Port & Warehouse Terminal Operations,"Project Management (PMP), Digital Marketing",4,2026-T2,7,15.3,3,228,1.5,5,0.0,1,3.4,1,0,5,3,43.7,60.5,HIGH
UTB-LEC-040,BSc Transport & Logistics Mgmt,FULL_TIME,15,Port & Warehouse Terminal Operations,"Project Management (PMP), Digital Marketing",4,2026-T2,8,15.4,3,228,2.0,3,0.0,2,0.7,1,2,2,1,43.5,62.8,HIGH
UTB-LEC-040,BSc Transport & Logistics Mgmt,FULL_TIME,15,Port & Warehouse Terminal Operations,"Project Management (PMP), Digital Marketing",4,2026-T2,9,15.4,3,228,2.0,3,0.0,0,1.6,0,3,2,2,40.5,57.2,HIGH
UTB-LEC-040,BSc Transport & Logistics Mgmt,FULL_TIME,15,Port & Warehouse Terminal Operations,"Project Management (PMP), Digital Marketing",4,2026-T2,10,16.0,3,228,2.0,3,2.0,1,6.3,3,8,9,3,53.1,90.3,CRITICAL
UTB-LEC-040,BSc Transport & Logistics Mgmt,FULL_TIME,15,Port & Warehouse Terminal Operations,"Project Management (PMP), Digital Marketing",4,2026-T2,11,15.4,3,228,1.5,2,0.0,0,5.9,9,7,8,4,41.7,78.7,CRITICAL
UTB-LEC-041,BA Hotel & Restaurant Management,FULL_TIME,13,Culinary Arts & Kitchen Operations,"Public Speaking & Pedagogy, Quality Assurance",4,2026-T1,1,14.9,3,132,2.5,5,4.0,2,3.0,2,2,5,2,46.5,72.7,HIGH
UTB-LEC-041,BA Hotel & Restaurant Management,FULL_TIME,13,Culinary Arts & Kitchen Operations,"Public Speaking & Pedagogy, Quality Assurance",4,2026-T1,2,15.5,3,132,2.0,3,0.0,1,2.5,0,0,6,2,37.7,59.4,HIGH
UTB-LEC-041,BA Hotel & Restaurant Management,FULL_TIME,13,Culinary Arts & Kitchen Operations,"Public Speaking & Pedagogy, Quality Assurance",4,2026-T1,3,14.9,3,132,1.0,7,0.0,1,0.9,1,0,2,2,33.8,46.1,MODERATE
UTB-LEC-041,BA Hotel & Restaurant Management,FULL_TIME,13,Culinary Arts & Kitchen Operations,"Public Speaking & Pedagogy, Quality Assurance",4,2026-T1,4,14.1,3,132,2.0,2,4.0,1,2.5,0,4,3,1,40.9,61.2,HIGH
UTB-LEC-041,BA Hotel & Restaurant Management,FULL_TIME,13,Culinary Arts & Kitchen Operations,"Public Speaking & Pedagogy, Quality Assurance",4,2026-T1,5,15.6,3,132,1.5,5,0.0,2,7.0,5,9,6,5,44.0,74.5,HIGH
UTB-LEC-041,BA Hotel & Restaurant Management,FULL_TIME,13,Culinary Arts & Kitchen Operations,"Public Speaking & Pedagogy, Quality Assurance",4,2026-T1,6,14.6,3,132,1.5,4,0.0,1,4.3,11,9,6,2,38.2,81.6,CRITICAL
UTB-LEC-041,BA Hotel & Restaurant Management,FULL_TIME,13,Culinary Arts & Kitchen Operations,"Public Speaking & Pedagogy, Quality Assurance",4,2026-T1,7,15.1,3,132,1.0,4,0.0,0,0.9,0,3,3,5,32.3,43.0,MODERATE
UTB-LEC-041,BA Hotel & Restaurant Management,FULL_TIME,13,Culinary Arts & Kitchen Operations,"Public Speaking & Pedagogy, Quality Assurance",4,2026-T1,8,13.8,3,132,2.0,0,2.0,0,2.1,2,4,3,1,35.4,61.6,HIGH
UTB-LEC-041,BA Hotel & Restaurant Management,FULL_TIME,13,Culinary Arts & Kitchen Operations,"Public Speaking & Pedagogy, Quality Assurance",4,2026-T1,9,13.9,3,132,1.0,7,0.0,2,1.7,1,1,5,4,35.7,48.1,MODERATE
UTB-LEC-041,BA Hotel & Restaurant Management,FULL_TIME,13,Culinary Arts & Kitchen Operations,"Public Speaking & Pedagogy, Quality Assurance",4,2026-T1,10,14.7,3,132,1.0,9,0.0,1,6.8,6,7,7,3,41.4,76.5,CRITICAL
UTB-LEC-041,BA Hotel & Restaurant Management,FULL_TIME,13,Culinary Arts & Kitchen Operations,"Public Speaking & Pedagogy, Quality Assurance",4,2026-T1,11,15.2,3,132,2.0,3,8.0,0,6.1,7,5,7,5,48.2,74.7,HIGH
UTB-LEC-041,BA Hotel & Restaurant Management,FULL_TIME,13,Culinary Arts & Kitchen Operations,"Public Speaking & Pedagogy, Quality Assurance",4,2026-T2,1,14.4,3,132,2.0,8,2.0,1,1.6,1,0,3,3,40.3,49.0,MODERATE
UTB-LEC-041,BA Hotel & Restaurant Management,FULL_TIME,13,Culinary Arts & Kitchen Operations,"Public Speaking & Pedagogy, Quality Assurance",4,2026-T2,2,15.4,3,132,1.0,1,2.0,0,1.2,3,3,4,1,32.1,56.4,HIGH
UTB-LEC-041,BA Hotel & Restaurant Management,FULL_TIME,13,Culinary Arts & Kitchen Operations,"Public Speaking & Pedagogy, Quality Assurance",4,2026-T2,3,13.9,3,132,1.5,3,4.0,1,2.4,3,2,5,2,38.4,64.3,HIGH
UTB-LEC-041,BA Hotel & Restaurant Management,FULL_TIME,13,Culinary Arts & Kitchen Operations,"Public Speaking & Pedagogy, Quality Assurance",4,2026-T2,4,13.8,3,132,2.0,2,0.0,2,3.1,1,2,5,5,39.4,54.5,MODERATE
UTB-LEC-041,BA Hotel & Restaurant Management,FULL_TIME,13,Culinary Arts & Kitchen Operations,"Public Speaking & Pedagogy, Quality Assurance",4,2026-T2,5,15.5,3,132,1.0,4,2.0,1,8.7,3,7,10,2,44.9,89.7,CRITICAL
UTB-LEC-041,BA Hotel & Restaurant Management,FULL_TIME,13,Culinary Arts & Kitchen Operations,"Public Speaking & Pedagogy, Quality Assurance",4,2026-T2,6,14.4,3,132,1.5,2,0.0,2,9.7,4,7,10,1,42.9,89.6,CRITICAL
UTB-LEC-041,BA Hotel & Restaurant Management,FULL_TIME,13,Culinary Arts & Kitchen Operations,"Public Speaking & Pedagogy, Quality Assurance",4,2026-T2,7,14.6,3,132,1.5,2,0.0,2,2.7,1,1,5,1,35.3,57.1,HIGH
UTB-LEC-041,BA Hotel & Restaurant Management,FULL_TIME,13,Culinary Arts & Kitchen Operations,"Public Speaking & Pedagogy, Quality Assurance",4,2026-T2,8,14.4,3,132,1.5,4,4.0,0,1.5,0,0,6,3,35.8,55.1,HIGH
UTB-LEC-041,BA Hotel & Restaurant Management,FULL_TIME,13,Culinary Arts & Kitchen Operations,"Public Speaking & Pedagogy, Quality Assurance",4,2026-T2,9,15.7,3,132,2.0,3,0.0,1,2.2,1,4,3,4,37.9,52.0,MODERATE
UTB-LEC-041,BA Hotel & Restaurant Management,FULL_TIME,13,Culinary Arts & Kitchen Operations,"Public Speaking & Pedagogy, Quality Assurance",4,2026-T2,10,14.5,3,132,2.0,7,0.0,2,9.7,9,10,9,4,49.0,91.8,CRITICAL
UTB-LEC-041,BA Hotel & Restaurant Management,FULL_TIME,13,Culinary Arts & Kitchen Operations,"Public Speaking & Pedagogy, Quality Assurance",4,2026-T2,11,14.4,3,132,1.0,4,0.0,0,5.0,4,4,8,3,32.3,68.2,HIGH
UTB-LEC-042,BA Community Development,FULL_TIME,7,Gender & Social Inclusion Policy,"Digital Marketing, Public Speaking & Pedagogy",2,2026-T1,1,6.5,2,60,1.5,4,4.0,0,0.1,0,2,6,5,17.8,33.2,LOW
UTB-LEC-042,BA Community Development,FULL_TIME,7,Gender & Social Inclusion Policy,"Digital Marketing, Public Speaking & Pedagogy",2,2026-T1,2,6.3,2,60,1.0,3,0.0,0,2.4,1,3,3,4,16.3,32.3,LOW
UTB-LEC-042,BA Community Development,FULL_TIME,7,Gender & Social Inclusion Policy,"Digital Marketing, Public Speaking & Pedagogy",2,2026-T1,3,7.0,2,60,2.0,3,0.0,1,2.1,0,2,4,4,21.1,32.4,LOW
UTB-LEC-042,BA Community Development,FULL_TIME,7,Gender & Social Inclusion Policy,"Digital Marketing, Public Speaking & Pedagogy",2,2026-T1,4,7.2,2,60,1.5,3,0.0,1,1.5,3,4,4,4,17.5,37.0,MODERATE
UTB-LEC-042,BA Community Development,FULL_TIME,7,Gender & Social Inclusion Policy,"Digital Marketing, Public Speaking & Pedagogy",2,2026-T1,5,7.9,2,60,2.0,4,4.0,0,9.4,9,10,6,1,31.8,80.1,CRITICAL
UTB-LEC-042,BA Community Development,FULL_TIME,7,Gender & Social Inclusion Policy,"Digital Marketing, Public Speaking & Pedagogy",2,2026-T1,6,7.1,2,60,2.0,6,0.0,0,7.4,9,5,10,1,24.4,72.8,HIGH
UTB-LEC-042,BA Community Development,FULL_TIME,7,Gender & Social Inclusion Policy,"Digital Marketing, Public Speaking & Pedagogy",2,2026-T1,7,7.6,2,60,1.0,5,2.0,0,1.7,3,0,3,1,19.5,38.7,MODERATE
UTB-LEC-042,BA Community Development,FULL_TIME,7,Gender & Social Inclusion Policy,"Digital Marketing, Public Speaking & Pedagogy",2,2026-T1,8,6.5,2,60,2.5,7,0.0,0,0.4,2,1,2,5,17.3,24.7,LOW
UTB-LEC-042,BA Community Development,FULL_TIME,7,Gender & Social Inclusion Policy,"Digital Marketing, Public Speaking & Pedagogy",2,2026-T1,9,6.5,2,60,1.0,8,0.0,0,0.5,1,3,3,2,15.8,35.4,MODERATE
UTB-LEC-042,BA Community Development,FULL_TIME,7,Gender & Social Inclusion Policy,"Digital Marketing, Public Speaking & Pedagogy",2,2026-T1,10,6.6,2,60,1.0,2,0.0,0,4.5,4,9,8,1,16.3,63.7,HIGH
UTB-LEC-042,BA Community Development,FULL_TIME,7,Gender & Social Inclusion Policy,"Digital Marketing, Public Speaking & Pedagogy",2,2026-T1,11,7.8,2,60,1.5,4,0.0,0,5.1,7,7,10,4,23.1,68.3,HIGH
UTB-LEC-042,BA Community Development,FULL_TIME,7,Gender & Social Inclusion Policy,"Digital Marketing, Public Speaking & Pedagogy",2,2026-T2,1,8.1,2,60,1.0,8,2.0,0,1.1,1,1,2,4,22.7,31.5,LOW
UTB-LEC-042,BA Community Development,FULL_TIME,7,Gender & Social Inclusion Policy,"Digital Marketing, Public Speaking & Pedagogy",2,2026-T2,2,7.7,2,60,2.0,4,8.0,0,3.2,0,3,3,3,29.5,42.9,MODERATE
UTB-LEC-042,BA Community Development,FULL_TIME,7,Gender & Social Inclusion Policy,"Digital Marketing, Public Speaking & Pedagogy",2,2026-T2,3,6.6,2,60,1.5,4,0.0,0,2.6,1,2,5,4,15.5,32.6,LOW
UTB-LEC-042,BA Community Development,FULL_TIME,7,Gender & Social Inclusion Policy,"Digital Marketing, Public Speaking & Pedagogy",2,2026-T2,4,6.4,2,60,2.0,5,0.0,0,1.7,0,0,4,5,17.6,29.9,LOW
UTB-LEC-042,BA Community Development,FULL_TIME,7,Gender & Social Inclusion Policy,"Digital Marketing, Public Speaking & Pedagogy",2,2026-T2,5,7.2,2,60,1.0,3,0.0,1,7.5,9,8,7,4,22.6,59.7,HIGH
UTB-LEC-042,BA Community Development,FULL_TIME,7,Gender & Social Inclusion Policy,"Digital Marketing, Public Speaking & Pedagogy",2,2026-T2,6,6.7,2,60,1.5,1,8.0,0,8.3,10,6,10,5,29.6,72.0,HIGH
UTB-LEC-042,BA Community Development,FULL_TIME,7,Gender & Social Inclusion Policy,"Digital Marketing, Public Speaking & Pedagogy",2,2026-T2,7,7.4,2,60,2.0,4,0.0,1,0.3,2,4,2,5,18.9,30.8,LOW
UTB-LEC-042,BA Community Development,FULL_TIME,7,Gender & Social Inclusion Policy,"Digital Marketing, Public Speaking & Pedagogy",2,2026-T2,8,7.0,2,60,1.0,4,0.0,0,1.0,3,1,4,1,16.8,41.3,MODERATE
UTB-LEC-042,BA Community Development,FULL_TIME,7,Gender & Social Inclusion Policy,"Digital Marketing, Public Speaking & Pedagogy",2,2026-T2,9,7.4,2,60,2.0,2,2.0,1,1.5,3,1,3,5,22.8,32.7,LOW
UTB-LEC-042,BA Community Development,FULL_TIME,7,Gender & Social Inclusion Policy,"Digital Marketing, Public Speaking & Pedagogy",2,2026-T2,10,7.1,2,60,2.0,3,2.0,1,8.4,6,4,10,5,29.1,65.5,HIGH
UTB-LEC-042,BA Community Development,FULL_TIME,7,Gender & Social Inclusion Policy,"Digital Marketing, Public Speaking & Pedagogy",2,2026-T2,11,6.8,2,60,2.0,5,0.0,0,9.9,9,5,7,5,28.2,60.2,HIGH
UTB-LEC-043,BSc Travel & Tourism Management,FULL_TIME,4,Tourism Policy & Strategic Planning,"Project Management (PMP), Digital Marketing",3,2026-T1,1,10.3,3,111,1.0,5,2.0,0,2.8,3,2,4,3,27.8,47.7,MODERATE
UTB-LEC-043,BSc Travel & Tourism Management,FULL_TIME,4,Tourism Policy & Strategic Planning,"Project Management (PMP), Digital Marketing",3,2026-T1,2,9.6,3,111,2.0,2,4.0,0,3.9,0,1,4,4,31.7,46.2,MODERATE
UTB-LEC-043,BSc Travel & Tourism Management,FULL_TIME,4,Tourism Policy & Strategic Planning,"Project Management (PMP), Digital Marketing",3,2026-T1,3,10.4,3,111,2.0,4,2.0,2,3.0,0,2,3,1,33.0,54.3,MODERATE
UTB-LEC-043,BSc Travel & Tourism Management,FULL_TIME,4,Tourism Policy & Strategic Planning,"Project Management (PMP), Digital Marketing",3,2026-T1,4,10.3,3,111,2.0,4,0.0,0,3.7,3,3,3,1,28.6,55.0,MODERATE
UTB-LEC-043,BSc Travel & Tourism Management,FULL_TIME,4,Tourism Policy & Strategic Planning,"Project Management (PMP), Digital Marketing",3,2026-T1,5,10.8,3,111,1.5,3,8.0,0,9.0,5,5,7,2,41.0,75.8,CRITICAL
UTB-LEC-043,BSc Travel & Tourism Management,FULL_TIME,4,Tourism Policy & Strategic Planning,"Project Management (PMP), Digital Marketing",3,2026-T1,6,10.1,3,111,1.5,4,0.0,0,7.5,5,9,10,2,29.9,76.8,CRITICAL
UTB-LEC-043,BSc Travel & Tourism Management,FULL_TIME,4,Tourism Policy & Strategic Planning,"Project Management (PMP), Digital Marketing",3,2026-T1,7,10.8,3,111,2.0,1,2.0,0,0.1,1,1,2,3,25.8,36.8,MODERATE
UTB-LEC-043,BSc Travel & Tourism Management,FULL_TIME,4,Tourism Policy & Strategic Planning,"Project Management (PMP), Digital Marketing",3,2026-T1,8,10.0,3,111,2.5,2,0.0,0,1.5,1,0,6,1,27.0,53.6,MODERATE
UTB-LEC-043,BSc Travel & Tourism Management,FULL_TIME,4,Tourism Policy & Strategic Planning,"Project Management (PMP), Digital Marketing",3,2026-T1,9,11.1,3,111,2.5,6,0.0,2,1.9,0,2,6,2,34.4,61.4,HIGH
UTB-LEC-043,BSc Travel & Tourism Management,FULL_TIME,4,Tourism Policy & Strategic Planning,"Project Management (PMP), Digital Marketing",3,2026-T1,10,10.2,3,111,1.5,4,2.0,0,6.7,4,7,6,1,32.2,74.1,HIGH
UTB-LEC-043,BSc Travel & Tourism Management,FULL_TIME,4,Tourism Policy & Strategic Planning,"Project Management (PMP), Digital Marketing",3,2026-T1,11,10.2,3,111,1.0,4,0.0,1,7.4,5,6,6,5,31.9,54.7,MODERATE
UTB-LEC-043,BSc Travel & Tourism Management,FULL_TIME,4,Tourism Policy & Strategic Planning,"Project Management (PMP), Digital Marketing",3,2026-T2,1,9.9,3,111,1.5,2,0.0,0,1.7,2,3,2,1,22.4,47.5,MODERATE
UTB-LEC-043,BSc Travel & Tourism Management,FULL_TIME,4,Tourism Policy & Strategic Planning,"Project Management (PMP), Digital Marketing",3,2026-T2,2,10.9,3,111,1.5,5,0.0,1,2.9,2,3,3,5,28.7,37.5,MODERATE
UTB-LEC-043,BSc Travel & Tourism Management,FULL_TIME,4,Tourism Policy & Strategic Planning,"Project Management (PMP), Digital Marketing",3,2026-T2,3,9.7,3,111,2.0,5,12.0,0,1.4,3,2,3,3,37.8,55.8,HIGH
UTB-LEC-043,BSc Travel & Tourism Management,FULL_TIME,4,Tourism Policy & Strategic Planning,"Project Management (PMP), Digital Marketing",3,2026-T2,4,9.9,3,111,2.0,7,8.0,0,3.5,2,0,4,5,37.1,43.4,MODERATE
UTB-LEC-043,BSc Travel & Tourism Management,FULL_TIME,4,Tourism Policy & Strategic Planning,"Project Management (PMP), Digital Marketing",3,2026-T2,5,11.1,3,111,1.0,2,4.0,0,8.9,9,9,9,4,35.3,79.5,CRITICAL
UTB-LEC-043,BSc Travel & Tourism Management,FULL_TIME,4,Tourism Policy & Strategic Planning,"Project Management (PMP), Digital Marketing",3,2026-T2,6,10.3,3,111,1.5,3,0.0,2,8.8,9,10,9,3,36.0,83.4,CRITICAL
UTB-LEC-043,BSc Travel & Tourism Management,FULL_TIME,4,Tourism Policy & Strategic Planning,"Project Management (PMP), Digital Marketing",3,2026-T2,7,10.8,3,111,1.5,4,0.0,0,0.9,0,4,2,5,24.9,35.5,MODERATE
UTB-LEC-043,BSc Travel & Tourism Management,FULL_TIME,4,Tourism Policy & Strategic Planning,"Project Management (PMP), Digital Marketing",3,2026-T2,8,9.8,3,111,1.0,10,0.0,1,1.0,2,3,6,5,27.1,42.6,MODERATE
UTB-LEC-043,BSc Travel & Tourism Management,FULL_TIME,4,Tourism Policy & Strategic Planning,"Project Management (PMP), Digital Marketing",3,2026-T2,9,9.9,3,111,2.0,2,2.0,0,3.4,2,3,5,2,28.9,57.3,HIGH
UTB-LEC-043,BSc Travel & Tourism Management,FULL_TIME,4,Tourism Policy & Strategic Planning,"Project Management (PMP), Digital Marketing",3,2026-T2,10,11.2,3,111,2.0,3,8.0,1,5.8,10,7,9,1,41.0,93.5,CRITICAL
UTB-LEC-043,BSc Travel & Tourism Management,FULL_TIME,4,Tourism Policy & Strategic Planning,"Project Management (PMP), Digital Marketing",3,2026-T2,11,11.5,3,111,1.0,8,0.0,2,5.8,5,4,6,1,35.7,68.7,HIGH
UTB-LEC-044,Bachelor of Business Management,FULL_TIME,7,Marketing Strategy & Consumer Behavior,"Research Methodology, Public Speaking & Pedagogy",2,2026-T1,1,9.2,2,88,2.0,1,0.0,1,0.2,3,2,3,3,24.5,41.9,MODERATE
UTB-LEC-044,Bachelor of Business Management,FULL_TIME,7,Marketing Strategy & Consumer Behavior,"Research Methodology, Public Speaking & Pedagogy",2,2026-T1,2,7.8,2,88,2.0,2,0.0,0,0.7,1,1,6,4,19.7,41.5,MODERATE
UTB-LEC-044,Bachelor of Business Management,FULL_TIME,7,Marketing Strategy & Consumer Behavior,"Research Methodology, Public Speaking & Pedagogy",2,2026-T1,3,8.5,2,88,2.0,2,0.0,0,2.8,2,2,4,2,23.7,45.3,MODERATE
UTB-LEC-044,Bachelor of Business Management,FULL_TIME,7,Marketing Strategy & Consumer Behavior,"Research Methodology, Public Speaking & Pedagogy",2,2026-T1,4,9.2,2,88,1.0,6,0.0,2,0.6,0,1,6,4,25.9,46.0,MODERATE
UTB-LEC-044,Bachelor of Business Management,FULL_TIME,7,Marketing Strategy & Consumer Behavior,"Research Methodology, Public Speaking & Pedagogy",2,2026-T1,5,8.6,2,88,2.0,3,0.0,2,9.1,6,10,7,4,33.3,71.3,HIGH
UTB-LEC-044,Bachelor of Business Management,FULL_TIME,7,Marketing Strategy & Consumer Behavior,"Research Methodology, Public Speaking & Pedagogy",2,2026-T1,6,7.6,2,88,2.0,6,2.0,1,7.1,3,11,7,2,31.9,76.3,CRITICAL
UTB-LEC-044,Bachelor of Business Management,FULL_TIME,7,Marketing Strategy & Consumer Behavior,"Research Methodology, Public Speaking & Pedagogy",2,2026-T1,7,8.8,2,88,1.5,6,0.0,2,2.6,0,0,6,4,27.8,48.5,MODERATE
UTB-LEC-044,Bachelor of Business Management,FULL_TIME,7,Marketing Strategy & Consumer Behavior,"Research Methodology, Public Speaking & Pedagogy",2,2026-T1,8,8.5,2,88,2.5,5,0.0,0,3.1,0,3,5,4,25.0,46.6,MODERATE
UTB-LEC-044,Bachelor of Business Management,FULL_TIME,7,Marketing Strategy & Consumer Behavior,"Research Methodology, Public Speaking & Pedagogy",2,2026-T1,9,8.9,2,88,1.0,4,0.0,0,2.5,0,4,4,2,21.1,43.5,MODERATE
UTB-LEC-044,Bachelor of Business Management,FULL_TIME,7,Marketing Strategy & Consumer Behavior,"Research Methodology, Public Speaking & Pedagogy",2,2026-T1,10,9.0,2,88,2.0,4,0.0,0,7.3,5,9,10,3,31.0,76.6,CRITICAL
UTB-LEC-044,Bachelor of Business Management,FULL_TIME,7,Marketing Strategy & Consumer Behavior,"Research Methodology, Public Speaking & Pedagogy",2,2026-T1,11,8.2,2,88,1.5,7,0.0,2,9.0,6,10,7,4,32.3,69.5,HIGH
UTB-LEC-044,Bachelor of Business Management,FULL_TIME,7,Marketing Strategy & Consumer Behavior,"Research Methodology, Public Speaking & Pedagogy",2,2026-T2,1,7.7,2,88,2.0,5,2.0,1,0.2,0,1,6,2,25.4,55.5,HIGH
UTB-LEC-044,Bachelor of Business Management,FULL_TIME,7,Marketing Strategy & Consumer Behavior,"Research Methodology, Public Speaking & Pedagogy",2,2026-T2,2,8.9,2,88,1.0,2,0.0,0,1.0,1,4,6,3,19.1,47.1,MODERATE
UTB-LEC-044,Bachelor of Business Management,FULL_TIME,7,Marketing Strategy & Consumer Behavior,"Research Methodology, Public Speaking & Pedagogy",2,2026-T2,3,7.7,2,88,1.5,3,0.0,0,3.0,0,3,3,2,20.2,40.3,MODERATE
UTB-LEC-044,Bachelor of Business Management,FULL_TIME,7,Marketing Strategy & Consumer Behavior,"Research Methodology, Public Speaking & Pedagogy",2,2026-T2,4,8.4,2,88,2.0,2,0.0,2,4.0,2,2,2,4,24.4,33.9,LOW
UTB-LEC-044,Bachelor of Business Management,FULL_TIME,7,Marketing Strategy & Consumer Behavior,"Research Methodology, Public Speaking & Pedagogy",2,2026-T2,5,9.4,2,88,1.5,5,2.0,1,9.7,8,9,8,5,36.7,73.9,HIGH
UTB-LEC-044,Bachelor of Business Management,FULL_TIME,7,Marketing Strategy & Consumer Behavior,"Research Methodology, Public Speaking & Pedagogy",2,2026-T2,6,7.8,2,88,2.0,5,2.0,1,6.0,7,9,10,3,29.4,77.5,CRITICAL
UTB-LEC-044,Bachelor of Business Management,FULL_TIME,7,Marketing Strategy & Consumer Behavior,"Research Methodology, Public Speaking & Pedagogy",2,2026-T2,7,9.0,2,88,2.0,5,0.0,1,1.6,1,1,2,1,25.3,46.2,MODERATE
UTB-LEC-044,Bachelor of Business Management,FULL_TIME,7,Marketing Strategy & Consumer Behavior,"Research Methodology, Public Speaking & Pedagogy",2,2026-T2,8,7.8,2,88,2.5,2,0.0,0,3.4,3,4,5,2,23.0,51.9,MODERATE
UTB-LEC-044,Bachelor of Business Management,FULL_TIME,7,Marketing Strategy & Consumer Behavior,"Research Methodology, Public Speaking & Pedagogy",2,2026-T2,9,8.4,2,88,1.5,8,0.0,0,1.4,1,3,3,3,23.6,40.0,MODERATE
UTB-LEC-044,Bachelor of Business Management,FULL_TIME,7,Marketing Strategy & Consumer Behavior,"Research Methodology, Public Speaking & Pedagogy",2,2026-T2,10,7.5,2,88,1.5,6,2.0,0,9.8,9,9,7,5,32.5,70.1,HIGH
UTB-LEC-044,Bachelor of Business Management,FULL_TIME,7,Marketing Strategy & Consumer Behavior,"Research Methodology, Public Speaking & Pedagogy",2,2026-T2,11,7.8,2,88,1.5,4,0.0,1,4.3,4,4,6,4,24.1,48.2,MODERATE
UTB-LEC-045,BSc Information Technology,FULL_TIME,4,Cybersecurity & Network Defense,"Public Speaking & Pedagogy, Data Analysis with Python",2,2026-T1,1,8.1,2,114,1.5,7,0.0,2,1.5,1,1,3,5,27.6,36.8,MODERATE
UTB-LEC-045,BSc Information Technology,FULL_TIME,4,Cybersecurity & Network Defense,"Public Speaking & Pedagogy, Data Analysis with Python",2,2026-T1,2,8.2,2,114,1.5,4,0.0,2,3.4,3,3,2,3,27.6,38.6,MODERATE
UTB-LEC-045,BSc Information Technology,FULL_TIME,4,Cybersecurity & Network Defense,"Public Speaking & Pedagogy, Data Analysis with Python",2,2026-T1,3,8.6,2,114,1.0,5,2.0,0,3.5,0,1,6,3,25.3,45.7,MODERATE
UTB-LEC-045,BSc Information Technology,FULL_TIME,4,Cybersecurity & Network Defense,"Public Speaking & Pedagogy, Data Analysis with Python",2,2026-T1,4,8.4,2,114,2.5,3,0.0,0,1.6,1,2,5,2,26.9,54.0,MODERATE
UTB-LEC-045,BSc Information Technology,FULL_TIME,4,Cybersecurity & Network Defense,"Public Speaking & Pedagogy, Data Analysis with Python",2,2026-T1,5,7.6,2,114,1.5,2,0.0,0,6.3,3,4,9,3,26.8,63.7,HIGH
UTB-LEC-045,BSc Information Technology,FULL_TIME,4,Cybersecurity & Network Defense,"Public Speaking & Pedagogy, Data Analysis with Python",2,2026-T1,6,8.8,2,114,1.5,3,8.0,2,9.7,3,11,10,1,43.2,97.0,CRITICAL
UTB-LEC-045,BSc Information Technology,FULL_TIME,4,Cybersecurity & Network Defense,"Public Speaking & Pedagogy, Data Analysis with Python",2,2026-T1,7,8.7,2,114,2.5,4,0.0,0,0.6,3,4,3,1,26.4,53.8,MODERATE
UTB-LEC-045,BSc Information Technology,FULL_TIME,4,Cybersecurity & Network Defense,"Public Speaking & Pedagogy, Data Analysis with Python",2,2026-T1,8,7.7,2,114,1.0,3,0.0,1,3.6,3,4,4,4,22.9,45.9,MODERATE
UTB-LEC-045,BSc Information Technology,FULL_TIME,4,Cybersecurity & Network Defense,"Public Speaking & Pedagogy, Data Analysis with Python",2,2026-T1,9,8.0,2,114,2.0,2,12.0,1,2.3,2,4,2,5,35.4,44.6,MODERATE
UTB-LEC-045,BSc Information Technology,FULL_TIME,4,Cybersecurity & Network Defense,"Public Speaking & Pedagogy, Data Analysis with Python",2,2026-T1,10,7.9,2,114,2.5,1,0.0,2,9.0,9,7,6,2,34.8,75.3,CRITICAL
UTB-LEC-045,BSc Information Technology,FULL_TIME,4,Cybersecurity & Network Defense,"Public Speaking & Pedagogy, Data Analysis with Python",2,2026-T1,11,7.6,2,114,1.0,4,2.0,1,9.7,4,4,10,3,29.7,69.0,HIGH
UTB-LEC-045,BSc Information Technology,FULL_TIME,4,Cybersecurity & Network Defense,"Public Speaking & Pedagogy, Data Analysis with Python",2,2026-T2,1,8.8,2,114,1.5,2,0.0,0,0.8,1,0,4,5,20.5,28.0,LOW
UTB-LEC-045,BSc Information Technology,FULL_TIME,4,Cybersecurity & Network Defense,"Public Speaking & Pedagogy, Data Analysis with Python",2,2026-T2,2,8.2,2,114,1.0,4,0.0,0,0.2,2,2,5,4,19.3,39.4,MODERATE
UTB-LEC-045,BSc Information Technology,FULL_TIME,4,Cybersecurity & Network Defense,"Public Speaking & Pedagogy, Data Analysis with Python",2,2026-T2,3,8.5,2,114,1.5,7,2.0,0,3.6,1,1,2,3,27.1,36.0,MODERATE
UTB-LEC-045,BSc Information Technology,FULL_TIME,4,Cybersecurity & Network Defense,"Public Speaking & Pedagogy, Data Analysis with Python",2,2026-T2,4,7.3,2,114,1.5,3,2.0,1,3.1,1,0,6,5,25.3,36.4,MODERATE
UTB-LEC-045,BSc Information Technology,FULL_TIME,4,Cybersecurity & Network Defense,"Public Speaking & Pedagogy, Data Analysis with Python",2,2026-T2,5,8.5,2,114,1.5,3,2.0,0,9.2,9,4,6,2,30.6,68.6,HIGH
UTB-LEC-045,BSc Information Technology,FULL_TIME,4,Cybersecurity & Network Defense,"Public Speaking & Pedagogy, Data Analysis with Python",2,2026-T2,6,8.3,2,114,1.0,3,8.0,1,5.5,3,8,9,1,33.3,81.9,CRITICAL
UTB-LEC-045,BSc Information Technology,FULL_TIME,4,Cybersecurity & Network Defense,"Public Speaking & Pedagogy, Data Analysis with Python",2,2026-T2,7,8.0,2,114,1.5,3,0.0,0,3.6,3,1,5,4,23.0,39.4,MODERATE
UTB-LEC-045,BSc Information Technology,FULL_TIME,4,Cybersecurity & Network Defense,"Public Speaking & Pedagogy, Data Analysis with Python",2,2026-T2,8,7.1,2,114,1.0,3,0.0,1,0.5,1,3,6,5,18.8,37.5,MODERATE
UTB-LEC-045,BSc Information Technology,FULL_TIME,4,Cybersecurity & Network Defense,"Public Speaking & Pedagogy, Data Analysis with Python",2,2026-T2,9,7.9,2,114,2.0,8,0.0,2,3.1,0,1,2,4,29.6,36.2,MODERATE
UTB-LEC-045,BSc Information Technology,FULL_TIME,4,Cybersecurity & Network Defense,"Public Speaking & Pedagogy, Data Analysis with Python",2,2026-T2,10,7.8,2,114,1.5,5,0.0,0,4.4,4,9,7,4,22.8,54.5,MODERATE
UTB-LEC-045,BSc Information Technology,FULL_TIME,4,Cybersecurity & Network Defense,"Public Speaking & Pedagogy, Data Analysis with Python",2,2026-T2,11,7.4,2,114,1.5,5,0.0,0,8.7,11,7,10,3,28.0,75.7,CRITICAL
UTB-LEC-046,BSc Computer Engineering,FULL_TIME,19,Distributed Systems & Parallel Computing,"Customer Relationship Management, Quality Assurance",3,2026-T1,1,12.5,3,96,1.5,2,0.0,1,4.0,0,3,2,5,30.3,36.2,MODERATE
UTB-LEC-046,BSc Computer Engineering,FULL_TIME,19,Distributed Systems & Parallel Computing,"Customer Relationship Management, Quality Assurance",3,2026-T1,2,12.5,3,96,1.5,4,0.0,1,2.2,1,2,5,1,31.9,57.4,HIGH
UTB-LEC-046,BSc Computer Engineering,FULL_TIME,19,Distributed Systems & Parallel Computing,"Customer Relationship Management, Quality Assurance",3,2026-T1,3,13.1,3,96,1.0,6,2.0,2,2.7,3,1,5,1,35.6,62.7,HIGH
UTB-LEC-046,BSc Computer Engineering,FULL_TIME,19,Distributed Systems & Parallel Computing,"Customer Relationship Management, Quality Assurance",3,2026-T1,4,13.6,3,96,2.0,3,2.0,0,2.8,2,0,2,1,34.8,48.6,MODERATE
UTB-LEC-046,BSc Computer Engineering,FULL_TIME,19,Distributed Systems & Parallel Computing,"Customer Relationship Management, Quality Assurance",3,2026-T1,5,12.8,3,96,1.5,4,0.0,2,9.7,11,8,8,3,40.1,84.6,CRITICAL
UTB-LEC-046,BSc Computer Engineering,FULL_TIME,19,Distributed Systems & Parallel Computing,"Customer Relationship Management, Quality Assurance",3,2026-T1,6,12.1,3,96,2.0,5,4.0,0,7.5,8,6,7,2,39.1,77.8,CRITICAL
UTB-LEC-046,BSc Computer Engineering,FULL_TIME,19,Distributed Systems & Parallel Computing,"Customer Relationship Management, Quality Assurance",3,2026-T1,7,13.6,3,96,1.0,2,0.0,1,0.4,1,0,6,1,26.7,50.5,MODERATE
UTB-LEC-046,BSc Computer Engineering,FULL_TIME,19,Distributed Systems & Parallel Computing,"Customer Relationship Management, Quality Assurance",3,2026-T1,8,12.8,3,96,1.0,4,4.0,0,2.1,3,1,5,4,31.8,46.0,MODERATE
UTB-LEC-046,BSc Computer Engineering,FULL_TIME,19,Distributed Systems & Parallel Computing,"Customer Relationship Management, Quality Assurance",3,2026-T1,9,12.1,3,96,1.5,3,8.0,2,0.9,2,1,4,5,37.4,47.1,MODERATE
UTB-LEC-046,BSc Computer Engineering,FULL_TIME,19,Distributed Systems & Parallel Computing,"Customer Relationship Management, Quality Assurance",3,2026-T1,10,12.2,3,96,1.5,3,0.0,0,4.4,5,8,9,2,30.3,75.6,CRITICAL
UTB-LEC-046,BSc Computer Engineering,FULL_TIME,19,Distributed Systems & Parallel Computing,"Customer Relationship Management, Quality Assurance",3,2026-T1,11,13.2,3,96,2.0,3,0.0,1,7.6,7,4,10,2,39.1,82.6,CRITICAL
UTB-LEC-046,BSc Computer Engineering,FULL_TIME,19,Distributed Systems & Parallel Computing,"Customer Relationship Management, Quality Assurance",3,2026-T2,1,12.5,3,96,1.5,6,0.0,2,0.1,3,1,3,3,30.4,47.1,MODERATE
UTB-LEC-046,BSc Computer Engineering,FULL_TIME,19,Distributed Systems & Parallel Computing,"Customer Relationship Management, Quality Assurance",3,2026-T2,2,11.9,3,96,1.0,4,2.0,0,2.8,1,4,3,5,30.0,36.5,MODERATE
UTB-LEC-046,BSc Computer Engineering,FULL_TIME,19,Distributed Systems & Parallel Computing,"Customer Relationship Management, Quality Assurance",3,2026-T2,3,12.7,3,96,1.5,6,4.0,2,0.6,1,2,6,2,35.1,58.8,HIGH
UTB-LEC-046,BSc Computer Engineering,FULL_TIME,19,Distributed Systems & Parallel Computing,"Customer Relationship Management, Quality Assurance",3,2026-T2,4,12.9,3,96,1.0,3,0.0,1,0.7,3,0,4,1,28.1,51.3,MODERATE
UTB-LEC-046,BSc Computer Engineering,FULL_TIME,19,Distributed Systems & Parallel Computing,"Customer Relationship Management, Quality Assurance",3,2026-T2,5,12.0,3,96,1.5,4,0.0,0,5.5,8,10,6,3,30.9,68.8,HIGH
UTB-LEC-046,BSc Computer Engineering,FULL_TIME,19,Distributed Systems & Parallel Computing,"Customer Relationship Management, Quality Assurance",3,2026-T2,6,12.6,3,96,2.0,4,4.0,0,4.8,7,6,6,2,36.5,72.3,HIGH
UTB-LEC-046,BSc Computer Engineering,FULL_TIME,19,Distributed Systems & Parallel Computing,"Customer Relationship Management, Quality Assurance",3,2026-T2,7,12.6,3,96,2.0,0,0.0,0,4.0,1,0,3,5,27.7,36.2,MODERATE
UTB-LEC-046,BSc Computer Engineering,FULL_TIME,19,Distributed Systems & Parallel Computing,"Customer Relationship Management, Quality Assurance",3,2026-T2,8,12.9,3,96,1.5,10,4.0,2,4.0,3,2,3,3,40.5,56.4,HIGH
UTB-LEC-046,BSc Computer Engineering,FULL_TIME,19,Distributed Systems & Parallel Computing,"Customer Relationship Management, Quality Assurance",3,2026-T2,9,13.3,3,96,2.0,6,0.0,0,3.1,1,1,4,3,33.1,48.9,MODERATE
UTB-LEC-046,BSc Computer Engineering,FULL_TIME,19,Distributed Systems & Parallel Computing,"Customer Relationship Management, Quality Assurance",3,2026-T2,10,11.8,3,96,2.0,8,2.0,1,6.3,8,5,6,1,39.5,80.1,CRITICAL
UTB-LEC-046,BSc Computer Engineering,FULL_TIME,19,Distributed Systems & Parallel Computing,"Customer Relationship Management, Quality Assurance",3,2026-T2,11,13.2,3,96,1.5,5,2.0,0,9.4,6,7,10,5,38.5,72.3,HIGH
UTB-LEC-047,BSc Transport & Logistics Mgmt,PART_TIME,10,Supply Chain Risk & Resilience,"Project Management (PMP), Customer Relationship Management",1,2026-T1,1,4.2,1,62,1.0,1,0.0,0,0.7,2,1,2,3,12.0,26.5,LOW
UTB-LEC-047,BSc Transport & Logistics Mgmt,PART_TIME,10,Supply Chain Risk & Resilience,"Project Management (PMP), Customer Relationship Management",1,2026-T1,2,4.3,1,62,1.0,1,0.0,2,0.9,2,2,5,2,13.1,40.2,MODERATE
UTB-LEC-047,BSc Transport & Logistics Mgmt,PART_TIME,10,Supply Chain Risk & Resilience,"Project Management (PMP), Customer Relationship Management",1,2026-T1,3,4.7,1,62,1.5,1,0.0,0,0.1,1,0,2,2,12.0,25.2,LOW
UTB-LEC-047,BSc Transport & Logistics Mgmt,PART_TIME,10,Supply Chain Risk & Resilience,"Project Management (PMP), Customer Relationship Management",1,2026-T1,4,2.8,1,62,2.0,1,0.0,1,0.9,3,1,3,2,12.0,33.8,LOW
UTB-LEC-047,BSc Transport & Logistics Mgmt,PART_TIME,10,Supply Chain Risk & Resilience,"Project Management (PMP), Customer Relationship Management",1,2026-T1,5,4.4,1,62,1.5,1,0.0,1,6.4,9,10,9,1,18.5,77.8,CRITICAL
UTB-LEC-047,BSc Transport & Logistics Mgmt,PART_TIME,10,Supply Chain Risk & Resilience,"Project Management (PMP), Customer Relationship Management",1,2026-T1,6,2.8,1,62,1.5,0,0.0,1,8.7,5,5,10,2,18.8,64.1,HIGH
UTB-LEC-047,BSc Transport & Logistics Mgmt,PART_TIME,10,Supply Chain Risk & Resilience,"Project Management (PMP), Customer Relationship Management",1,2026-T1,7,3.3,1,62,2.0,2,0.0,0,3.7,0,3,2,5,14.0,26.8,LOW
UTB-LEC-047,BSc Transport & Logistics Mgmt,PART_TIME,10,Supply Chain Risk & Resilience,"Project Management (PMP), Customer Relationship Management",1,2026-T1,8,3.5,1,62,1.0,2,0.0,1,1.7,1,3,3,1,13.6,38.4,MODERATE
UTB-LEC-047,BSc Transport & Logistics Mgmt,PART_TIME,10,Supply Chain Risk & Resilience,"Project Management (PMP), Customer Relationship Management",1,2026-T1,9,4.1,1,62,1.5,0,0.0,0,0.7,1,1,4,2,12.0,34.7,LOW
UTB-LEC-047,BSc Transport & Logistics Mgmt,PART_TIME,10,Supply Chain Risk & Resilience,"Project Management (PMP), Customer Relationship Management",1,2026-T1,10,4.2,1,62,2.0,0,0.0,0,6.4,9,10,6,3,16.0,63.2,HIGH
UTB-LEC-047,BSc Transport & Logistics Mgmt,PART_TIME,10,Supply Chain Risk & Resilience,"Project Management (PMP), Customer Relationship Management",1,2026-T1,11,3.0,1,62,2.0,0,0.0,2,9.2,10,7,6,5,21.3,57.0,HIGH
UTB-LEC-047,BSc Transport & Logistics Mgmt,PART_TIME,10,Supply Chain Risk & Resilience,"Project Management (PMP), Customer Relationship Management",1,2026-T2,1,3.0,1,62,2.0,1,0.0,1,2.8,3,2,2,4,14.0,26.4,LOW
UTB-LEC-047,BSc Transport & Logistics Mgmt,PART_TIME,10,Supply Chain Risk & Resilience,"Project Management (PMP), Customer Relationship Management",1,2026-T2,2,4.7,1,62,1.0,1,0.0,0,2.0,2,1,3,1,12.0,33.4,LOW
UTB-LEC-047,BSc Transport & Logistics Mgmt,PART_TIME,10,Supply Chain Risk & Resilience,"Project Management (PMP), Customer Relationship Management",1,2026-T2,3,4.7,1,62,2.0,0,0.0,2,1.5,3,0,5,2,17.0,42.1,MODERATE
UTB-LEC-047,BSc Transport & Logistics Mgmt,PART_TIME,10,Supply Chain Risk & Resilience,"Project Management (PMP), Customer Relationship Management",1,2026-T2,4,4.3,1,62,2.0,0,0.0,1,3.1,3,4,5,2,15.4,46.7,MODERATE
UTB-LEC-047,BSc Transport & Logistics Mgmt,PART_TIME,10,Supply Chain Risk & Resilience,"Project Management (PMP), Customer Relationship Management",1,2026-T2,5,3.6,1,62,2.0,0,0.0,0,5.3,4,11,6,2,14.2,55.9,HIGH
UTB-LEC-047,BSc Transport & Logistics Mgmt,PART_TIME,10,Supply Chain Risk & Resilience,"Project Management (PMP), Customer Relationship Management",1,2026-T2,6,3.9,1,62,2.5,2,0.0,0,8.2,5,4,6,5,19.1,45.8,MODERATE
UTB-LEC-047,BSc Transport & Logistics Mgmt,PART_TIME,10,Supply Chain Risk & Resilience,"Project Management (PMP), Customer Relationship Management",1,2026-T2,7,4.7,1,62,2.0,0,0.0,0,0.9,0,1,4,1,13.5,34.3,LOW
UTB-LEC-047,BSc Transport & Logistics Mgmt,PART_TIME,10,Supply Chain Risk & Resilience,"Project Management (PMP), Customer Relationship Management",1,2026-T2,8,2.9,1,62,2.0,0,0.0,2,1.5,3,1,5,1,14.0,45.0,MODERATE
UTB-LEC-047,BSc Transport & Logistics Mgmt,PART_TIME,10,Supply Chain Risk & Resilience,"Project Management (PMP), Customer Relationship Management",1,2026-T2,9,3.1,1,62,2.0,1,0.0,0,3.9,2,2,5,4,13.9,33.6,LOW
UTB-LEC-047,BSc Transport & Logistics Mgmt,PART_TIME,10,Supply Chain Risk & Resilience,"Project Management (PMP), Customer Relationship Management",1,2026-T2,10,4.8,1,62,1.5,3,0.0,0,7.6,10,8,9,2,18.9,69.5,HIGH
UTB-LEC-047,BSc Transport & Logistics Mgmt,PART_TIME,10,Supply Chain Risk & Resilience,"Project Management (PMP), Customer Relationship Management",1,2026-T2,11,3.6,1,62,2.0,1,0.0,1,6.1,3,5,9,4,17.5,50.4,MODERATE
UTB-LEC-048,BA Hotel & Restaurant Management,FULL_TIME,6,Front Office & Revenue Management,"Research Methodology, Data Analysis with Python",5,2026-T1,1,19.4,4,285,1.5,4,0.0,0,3.0,0,2,6,2,48.7,73.4,HIGH
UTB-LEC-048,BA Hotel & Restaurant Management,FULL_TIME,6,Front Office & Revenue Management,"Research Methodology, Data Analysis with Python",5,2026-T1,2,19.4,4,285,1.5,2,2.0,1,2.0,1,3,3,1,49.8,70.5,HIGH
UTB-LEC-048,BA Hotel & Restaurant Management,FULL_TIME,6,Front Office & Revenue Management,"Research Methodology, Data Analysis with Python",5,2026-T1,3,19.6,4,285,1.5,6,2.0,1,1.8,2,1,4,5,53.9,64.6,HIGH
UTB-LEC-048,BA Hotel & Restaurant Management,FULL_TIME,6,Front Office & Revenue Management,"Research Methodology, Data Analysis with Python",5,2026-T1,4,20.1,4,285,2.5,8,2.0,2,2.2,1,0,4,4,63.4,71.5,HIGH
UTB-LEC-048,BA Hotel & Restaurant Management,FULL_TIME,6,Front Office & Revenue Management,"Research Methodology, Data Analysis with Python",5,2026-T1,5,20.7,4,285,1.0,3,4.0,0,5.2,5,8,9,4,52.1,90.9,CRITICAL
UTB-LEC-048,BA Hotel & Restaurant Management,FULL_TIME,6,Front Office & Revenue Management,"Research Methodology, Data Analysis with Python",5,2026-T1,6,19.5,4,285,2.5,2,2.0,2,8.9,9,4,8,3,67.5,98.0,CRITICAL
UTB-LEC-048,BA Hotel & Restaurant Management,FULL_TIME,6,Front Office & Revenue Management,"Research Methodology, Data Analysis with Python",5,2026-T1,7,19.8,4,285,2.5,6,2.0,0,1.5,0,0,6,2,61.0,82.2,CRITICAL
UTB-LEC-048,BA Hotel & Restaurant Management,FULL_TIME,6,Front Office & Revenue Management,"Research Methodology, Data Analysis with Python",5,2026-T1,8,19.4,4,285,2.0,3,0.0,1,3.3,0,4,4,3,55.6,74.5,HIGH
UTB-LEC-048,BA Hotel & Restaurant Management,FULL_TIME,6,Front Office & Revenue Management,"Research Methodology, Data Analysis with Python",5,2026-T1,9,20.6,4,285,2.5,5,0.0,1,2.5,3,0,2,1,63.1,77.5,CRITICAL
UTB-LEC-048,BA Hotel & Restaurant Management,FULL_TIME,6,Front Office & Revenue Management,"Research Methodology, Data Analysis with Python",5,2026-T1,10,19.1,4,285,2.5,4,0.0,1,6.6,8,5,6,4,63.9,89.0,CRITICAL
UTB-LEC-048,BA Hotel & Restaurant Management,FULL_TIME,6,Front Office & Revenue Management,"Research Methodology, Data Analysis with Python",5,2026-T1,11,19.8,4,285,1.0,2,0.0,0,4.4,11,10,8,2,45.1,93.1,CRITICAL
UTB-LEC-048,BA Hotel & Restaurant Management,FULL_TIME,6,Front Office & Revenue Management,"Research Methodology, Data Analysis with Python",5,2026-T2,1,19.7,4,285,1.5,5,2.0,1,1.0,1,4,3,3,51.4,67.7,HIGH
UTB-LEC-048,BA Hotel & Restaurant Management,FULL_TIME,6,Front Office & Revenue Management,"Research Methodology, Data Analysis with Python",5,2026-T2,2,19.2,4,285,1.0,7,4.0,1,2.5,0,3,4,4,50.9,63.4,HIGH
UTB-LEC-048,BA Hotel & Restaurant Management,FULL_TIME,6,Front Office & Revenue Management,"Research Methodology, Data Analysis with Python",5,2026-T2,3,20.2,4,285,2.0,4,8.0,1,0.3,0,3,3,5,62.1,66.9,HIGH
UTB-LEC-048,BA Hotel & Restaurant Management,FULL_TIME,6,Front Office & Revenue Management,"Research Methodology, Data Analysis with Python",5,2026-T2,4,19.5,4,285,1.5,5,4.0,0,1.3,2,3,4,3,52.8,71.2,HIGH
UTB-LEC-048,BA Hotel & Restaurant Management,FULL_TIME,6,Front Office & Revenue Management,"Research Methodology, Data Analysis with Python",5,2026-T2,5,20.4,4,285,1.5,3,0.0,2,7.7,6,8,6,1,59.4,95.6,CRITICAL
UTB-LEC-048,BA Hotel & Restaurant Management,FULL_TIME,6,Front Office & Revenue Management,"Research Methodology, Data Analysis with Python",5,2026-T2,6,20.4,4,285,1.5,4,2.0,2,6.2,6,7,7,5,60.3,89.0,CRITICAL
UTB-LEC-048,BA Hotel & Restaurant Management,FULL_TIME,6,Front Office & Revenue Management,"Research Methodology, Data Analysis with Python",5,2026-T2,7,20.1,4,285,2.0,2,4.0,1,0.7,1,4,5,3,56.8,73.1,HIGH
UTB-LEC-048,BA Hotel & Restaurant Management,FULL_TIME,6,Front Office & Revenue Management,"Research Methodology, Data Analysis with Python",5,2026-T2,8,20.5,4,285,1.0,1,0.0,1,1.9,1,4,5,2,45.9,67.3,HIGH
UTB-LEC-048,BA Hotel & Restaurant Management,FULL_TIME,6,Front Office & Revenue Management,"Research Methodology, Data Analysis with Python",5,2026-T2,9,20.1,4,285,1.5,1,0.0,2,3.6,1,0,5,3,52.9,69.2,HIGH
UTB-LEC-048,BA Hotel & Restaurant Management,FULL_TIME,6,Front Office & Revenue Management,"Research Methodology, Data Analysis with Python",5,2026-T2,10,19.9,4,285,2.0,5,2.0,1,5.1,3,7,9,2,59.6,96.2,CRITICAL
UTB-LEC-048,BA Hotel & Restaurant Management,FULL_TIME,6,Front Office & Revenue Management,"Research Methodology, Data Analysis with Python",5,2026-T2,11,20.3,4,285,1.5,3,0.0,0,8.8,6,4,9,1,56.8,98.0,CRITICAL
UTB-LEC-049,BA Community Development,PART_TIME,12,Project Monitoring & Evaluation (M&E),"Project Management (PMP), Financial Modeling",2,2026-T1,1,8.0,2,106,1.0,0,0.0,0,0.6,3,0,3,2,15.4,33.8,LOW
UTB-LEC-049,BA Community Development,PART_TIME,12,Project Monitoring & Evaluation (M&E),"Project Management (PMP), Financial Modeling",2,2026-T1,2,7.3,2,106,2.0,3,0.0,2,1.0,2,0,3,3,24.4,37.1,MODERATE
UTB-LEC-049,BA Community Development,PART_TIME,12,Project Monitoring & Evaluation (M&E),"Project Management (PMP), Financial Modeling",2,2026-T1,3,7.4,2,106,2.0,1,0.0,0,3.7,1,4,5,5,22.4,40.0,MODERATE
UTB-LEC-049,BA Community Development,PART_TIME,12,Project Monitoring & Evaluation (M&E),"Project Management (PMP), Financial Modeling",2,2026-T1,4,7.8,2,106,1.5,0,0.0,0,1.3,3,2,3,5,18.5,29.3,LOW
UTB-LEC-049,BA Community Development,PART_TIME,12,Project Monitoring & Evaluation (M&E),"Project Management (PMP), Financial Modeling",2,2026-T1,5,7.5,2,106,1.5,1,0.0,0,6.6,5,7,10,2,23.7,71.3,HIGH
UTB-LEC-049,BA Community Development,PART_TIME,12,Project Monitoring & Evaluation (M&E),"Project Management (PMP), Financial Modeling",2,2026-T1,6,7.7,2,106,1.5,0,0.0,2,4.5,5,5,7,1,27.1,67.8,HIGH
UTB-LEC-049,BA Community Development,PART_TIME,12,Project Monitoring & Evaluation (M&E),"Project Management (PMP), Financial Modeling",2,2026-T1,7,8.3,2,106,1.5,1,0.0,1,1.4,0,3,2,2,20.2,40.3,MODERATE
UTB-LEC-049,BA Community Development,PART_TIME,12,Project Monitoring & Evaluation (M&E),"Project Management (PMP), Financial Modeling",2,2026-T1,8,7.2,2,106,1.5,1,0.0,0,1.2,1,4,6,1,18.4,56.4,HIGH
UTB-LEC-049,BA Community Development,PART_TIME,12,Project Monitoring & Evaluation (M&E),"Project Management (PMP), Financial Modeling",2,2026-T1,9,7.8,2,106,2.5,0,0.0,1,3.0,1,4,4,4,27.1,46.0,MODERATE
UTB-LEC-049,BA Community Development,PART_TIME,12,Project Monitoring & Evaluation (M&E),"Project Management (PMP), Financial Modeling",2,2026-T1,10,8.7,2,106,2.5,0,0.0,2,4.0,3,6,7,5,29.2,58.1,HIGH
UTB-LEC-049,BA Community Development,PART_TIME,12,Project Monitoring & Evaluation (M&E),"Project Management (PMP), Financial Modeling",2,2026-T1,11,8.9,2,106,2.0,5,0.0,1,5.8,11,5,6,2,30.7,69.7,HIGH
UTB-LEC-049,BA Community Development,PART_TIME,12,Project Monitoring & Evaluation (M&E),"Project Management (PMP), Financial Modeling",2,2026-T2,1,8.5,2,106,2.0,0,0.0,2,1.0,2,2,6,4,25.3,49.5,MODERATE
UTB-LEC-049,BA Community Development,PART_TIME,12,Project Monitoring & Evaluation (M&E),"Project Management (PMP), Financial Modeling",2,2026-T2,2,7.9,2,106,2.0,0,0.0,1,1.6,1,1,3,4,22.3,35.3,MODERATE
UTB-LEC-049,BA Community Development,PART_TIME,12,Project Monitoring & Evaluation (M&E),"Project Management (PMP), Financial Modeling",2,2026-T2,3,8.5,2,106,2.5,2,0.0,2,2.3,2,2,5,1,29.8,56.5,HIGH
UTB-LEC-049,BA Community Development,PART_TIME,12,Project Monitoring & Evaluation (M&E),"Project Management (PMP), Financial Modeling",2,2026-T2,4,7.9,2,106,2.0,1,0.0,0,1.7,1,1,2,4,21.2,29.5,LOW
UTB-LEC-049,BA Community Development,PART_TIME,12,Project Monitoring & Evaluation (M&E),"Project Management (PMP), Financial Modeling",2,2026-T2,5,8.3,2,106,2.5,1,0.0,0,9.3,4,6,8,5,31.1,59.6,HIGH
UTB-LEC-049,BA Community Development,PART_TIME,12,Project Monitoring & Evaluation (M&E),"Project Management (PMP), Financial Modeling",2,2026-T2,6,7.7,2,106,1.5,0,0.0,0,8.5,3,8,10,5,26.1,64.3,HIGH
UTB-LEC-049,BA Community Development,PART_TIME,12,Project Monitoring & Evaluation (M&E),"Project Management (PMP), Financial Modeling",2,2026-T2,7,8.8,2,106,2.0,2,0.0,0,1.3,1,2,4,4,21.8,37.5,MODERATE
UTB-LEC-049,BA Community Development,PART_TIME,12,Project Monitoring & Evaluation (M&E),"Project Management (PMP), Financial Modeling",2,2026-T2,8,8.3,2,106,1.0,1,0.0,0,0.2,0,1,4,4,17.0,31.5,LOW
UTB-LEC-049,BA Community Development,PART_TIME,12,Project Monitoring & Evaluation (M&E),"Project Management (PMP), Financial Modeling",2,2026-T2,9,7.8,2,106,1.5,1,0.0,1,2.7,3,0,4,4,24.2,38.5,MODERATE
UTB-LEC-049,BA Community Development,PART_TIME,12,Project Monitoring & Evaluation (M&E),"Project Management (PMP), Financial Modeling",2,2026-T2,10,7.6,2,106,1.0,0,0.0,0,5.7,9,6,10,3,23.0,67.8,HIGH
UTB-LEC-049,BA Community Development,PART_TIME,12,Project Monitoring & Evaluation (M&E),"Project Management (PMP), Financial Modeling",2,2026-T2,11,9.1,2,106,1.0,2,0.0,1,6.1,4,4,8,1,26.9,64.9,HIGH
UTB-LEC-050,BSc Travel & Tourism Management,PART_TIME,11,Tour Operations & Package Design,"Project Management (PMP), Public Speaking & Pedagogy",2,2026-T1,1,8.3,2,96,2.5,0,0.0,0,0.6,3,3,4,2,21.3,43.5,MODERATE
UTB-LEC-050,BSc Travel & Tourism Management,PART_TIME,11,Tour Operations & Package Design,"Project Management (PMP), Public Speaking & Pedagogy",2,2026-T1,2,9.1,2,96,2.0,1,0.0,0,1.7,2,1,2,2,22.1,38.3,MODERATE
UTB-LEC-050,BSc Travel & Tourism Management,PART_TIME,11,Tour Operations & Package Design,"Project Management (PMP), Public Speaking & Pedagogy",2,2026-T1,3,9.2,2,96,2.0,1,0.0,0,4.0,1,4,5,3,24.9,50.5,MODERATE
UTB-LEC-050,BSc Travel & Tourism Management,PART_TIME,11,Tour Operations & Package Design,"Project Management (PMP), Public Speaking & Pedagogy",2,2026-T1,4,8.5,2,96,1.0,2,0.0,0,1.2,0,4,3,5,18.9,31.4,LOW
UTB-LEC-050,BSc Travel & Tourism Management,PART_TIME,11,Tour Operations & Package Design,"Project Management (PMP), Public Speaking & Pedagogy",2,2026-T1,5,9.0,2,96,1.0,1,0.0,2,5.4,9,5,9,3,26.6,66.1,HIGH
UTB-LEC-050,BSc Travel & Tourism Management,PART_TIME,11,Tour Operations & Package Design,"Project Management (PMP), Public Speaking & Pedagogy",2,2026-T1,6,9.1,2,96,1.5,0,0.0,1,9.3,8,11,9,4,30.9,77.6,CRITICAL
UTB-LEC-050,BSc Travel & Tourism Management,PART_TIME,11,Tour Operations & Package Design,"Project Management (PMP), Public Speaking & Pedagogy",2,2026-T1,7,9.3,2,96,2.0,1,0.0,2,0.7,0,0,6,4,26.0,43.1,MODERATE
UTB-LEC-050,BSc Travel & Tourism Management,PART_TIME,11,Tour Operations & Package Design,"Project Management (PMP), Public Speaking & Pedagogy",2,2026-T1,8,8.6,2,96,2.0,4,0.0,1,0.7,0,3,3,5,21.9,35.2,MODERATE
UTB-LEC-050,BSc Travel & Tourism Management,PART_TIME,11,Tour Operations & Package Design,"Project Management (PMP), Public Speaking & Pedagogy",2,2026-T1,9,8.7,2,96,2.0,1,0.0,1,0.2,0,4,5,2,22.0,49.0,MODERATE
UTB-LEC-050,BSc Travel & Tourism Management,PART_TIME,11,Tour Operations & Package Design,"Project Management (PMP), Public Speaking & Pedagogy",2,2026-T1,10,8.0,2,96,2.0,2,0.0,0,8.7,11,10,9,5,27.7,74.6,HIGH
UTB-LEC-050,BSc Travel & Tourism Management,PART_TIME,11,Tour Operations & Package Design,"Project Management (PMP), Public Speaking & Pedagogy",2,2026-T1,11,9.1,2,96,2.5,1,0.0,1,5.0,8,9,10,4,30.2,78.8,CRITICAL
UTB-LEC-050,BSc Travel & Tourism Management,PART_TIME,11,Tour Operations & Package Design,"Project Management (PMP), Public Speaking & Pedagogy",2,2026-T2,1,9.1,2,96,2.0,0,0.0,0,3.9,1,0,4,2,24.8,42.3,MODERATE
UTB-LEC-050,BSc Travel & Tourism Management,PART_TIME,11,Tour Operations & Package Design,"Project Management (PMP), Public Speaking & Pedagogy",2,2026-T2,2,9.6,2,96,1.5,2,0.0,1,0.9,0,3,4,5,22.1,32.5,LOW
UTB-LEC-050,BSc Travel & Tourism Management,PART_TIME,11,Tour Operations & Package Design,"Project Management (PMP), Public Speaking & Pedagogy",2,2026-T2,3,9.2,2,96,1.5,1,0.0,2,0.6,1,1,3,3,23.4,36.5,MODERATE
UTB-LEC-050,BSc Travel & Tourism Management,PART_TIME,11,Tour Operations & Package Design,"Project Management (PMP), Public Speaking & Pedagogy",2,2026-T2,4,8.9,2,96,1.5,2,0.0,0,1.0,2,0,4,2,21.8,40.3,MODERATE
UTB-LEC-050,BSc Travel & Tourism Management,PART_TIME,11,Tour Operations & Package Design,"Project Management (PMP), Public Speaking & Pedagogy",2,2026-T2,5,8.8,2,96,2.0,3,0.0,2,4.1,7,9,8,2,30.1,72.8,HIGH
UTB-LEC-050,BSc Travel & Tourism Management,PART_TIME,11,Tour Operations & Package Design,"Project Management (PMP), Public Speaking & Pedagogy",2,2026-T2,6,8.7,2,96,1.0,0,0.0,2,8.5,3,10,9,2,28.6,77.5,CRITICAL
UTB-LEC-050,BSc Travel & Tourism Management,PART_TIME,11,Tour Operations & Package Design,"Project Management (PMP), Public Speaking & Pedagogy",2,2026-T2,7,8.0,2,96,1.5,2,0.0,1,3.6,0,4,5,2,23.7,49.9,MODERATE
UTB-LEC-050,BSc Travel & Tourism Management,PART_TIME,11,Tour Operations & Package Design,"Project Management (PMP), Public Speaking & Pedagogy",2,2026-T2,8,9.6,2,96,1.0,1,0.0,0,0.1,0,1,3,3,18.9,31.6,LOW
UTB-LEC-050,BSc Travel & Tourism Management,PART_TIME,11,Tour Operations & Package Design,"Project Management (PMP), Public Speaking & Pedagogy",2,2026-T2,9,9.4,2,96,1.5,2,0.0,0,0.4,1,4,2,2,21.4,45.9,MODERATE
UTB-LEC-050,BSc Travel & Tourism Management,PART_TIME,11,Tour Operations & Package Design,"Project Management (PMP), Public Speaking & Pedagogy",2,2026-T2,10,9.0,2,96,2.0,0,0.0,1,4.2,4,7,9,2,27.3,68.5,HIGH
UTB-LEC-050,BSc Travel & Tourism Management,PART_TIME,11,Tour Operations & Package Design,"Project Management (PMP), Public Speaking & Pedagogy",2,2026-T2,11,8.3,2,96,1.5,2,0.0,1,6.8,8,11,10,5,26.1,70.6,HIGH
UTB-LEC-051,Bachelor of Business Management,PART_TIME,7,Strategic Human Resource Management,"Quality Assurance, Public Speaking & Pedagogy",2,2026-T1,1,8.1,2,84,1.5,0,0.0,1,1.3,1,0,6,5,18.1,35.4,MODERATE
UTB-LEC-051,Bachelor of Business Management,PART_TIME,7,Strategic Human Resource Management,"Quality Assurance, Public Speaking & Pedagogy",2,2026-T1,2,9.7,2,84,2.0,0,0.0,1,3.0,3,0,2,4,24.4,34.7,LOW
UTB-LEC-051,Bachelor of Business Management,PART_TIME,7,Strategic Human Resource Management,"Quality Assurance, Public Speaking & Pedagogy",2,2026-T1,3,8.9,2,84,1.5,1,0.0,0,1.2,3,0,3,3,19.8,35.0,LOW
UTB-LEC-051,Bachelor of Business Management,PART_TIME,7,Strategic Human Resource Management,"Quality Assurance, Public Speaking & Pedagogy",2,2026-T1,4,9.6,2,84,1.5,0,0.0,1,0.3,0,3,3,4,22.5,35.2,MODERATE
UTB-LEC-051,Bachelor of Business Management,PART_TIME,7,Strategic Human Resource Management,"Quality Assurance, Public Speaking & Pedagogy",2,2026-T1,5,8.1,2,84,1.0,2,0.0,0,4.4,6,8,7,3,21.4,59.2,HIGH
UTB-LEC-051,Bachelor of Business Management,PART_TIME,7,Strategic Human Resource Management,"Quality Assurance, Public Speaking & Pedagogy",2,2026-T1,6,8.2,2,84,1.0,2,0.0,0,5.0,7,11,8,2,22.8,72.5,HIGH
UTB-LEC-051,Bachelor of Business Management,PART_TIME,7,Strategic Human Resource Management,"Quality Assurance, Public Speaking & Pedagogy",2,2026-T1,7,8.1,2,84,1.0,1,0.0,1,1.7,1,2,3,4,17.7,28.5,LOW
UTB-LEC-051,Bachelor of Business Management,PART_TIME,7,Strategic Human Resource Management,"Quality Assurance, Public Speaking & Pedagogy",2,2026-T1,8,9.0,2,84,2.5,0,0.0,1,3.9,3,2,4,2,25.1,46.4,MODERATE
UTB-LEC-051,Bachelor of Business Management,PART_TIME,7,Strategic Human Resource Management,"Quality Assurance, Public Speaking & Pedagogy",2,2026-T1,9,7.9,2,84,1.5,1,0.0,1,0.5,2,4,3,4,18.7,35.4,MODERATE
UTB-LEC-051,Bachelor of Business Management,PART_TIME,7,Strategic Human Resource Management,"Quality Assurance, Public Speaking & Pedagogy",2,2026-T1,10,9.5,2,84,1.5,2,0.0,0,5.3,4,4,9,3,23.9,62.2,HIGH
UTB-LEC-051,Bachelor of Business Management,PART_TIME,7,Strategic Human Resource Management,"Quality Assurance, Public Speaking & Pedagogy",2,2026-T1,11,8.9,2,84,1.5,0,0.0,0,4.7,3,5,10,4,24.8,63.3,HIGH
UTB-LEC-051,Bachelor of Business Management,PART_TIME,7,Strategic Human Resource Management,"Quality Assurance, Public Speaking & Pedagogy",2,2026-T2,1,8.6,2,84,2.0,1,0.0,0,3.5,2,2,5,1,22.6,51.1,MODERATE
UTB-LEC-051,Bachelor of Business Management,PART_TIME,7,Strategic Human Resource Management,"Quality Assurance, Public Speaking & Pedagogy",2,2026-T2,2,9.7,2,84,1.5,2,0.0,1,0.1,2,3,3,5,22.5,36.6,MODERATE
UTB-LEC-051,Bachelor of Business Management,PART_TIME,7,Strategic Human Resource Management,"Quality Assurance, Public Speaking & Pedagogy",2,2026-T2,3,8.4,2,84,1.5,2,0.0,1,0.5,2,0,3,1,20.7,40.8,MODERATE
UTB-LEC-051,Bachelor of Business Management,PART_TIME,7,Strategic Human Resource Management,"Quality Assurance, Public Speaking & Pedagogy",2,2026-T2,4,8.1,2,84,2.0,2,0.0,2,2.0,3,1,2,2,24.5,40.1,MODERATE
UTB-LEC-051,Bachelor of Business Management,PART_TIME,7,Strategic Human Resource Management,"Quality Assurance, Public Speaking & Pedagogy",2,2026-T2,5,8.3,2,84,2.0,0,0.0,1,7.1,9,4,7,2,27.3,66.5,HIGH
UTB-LEC-051,Bachelor of Business Management,PART_TIME,7,Strategic Human Resource Management,"Quality Assurance, Public Speaking & Pedagogy",2,2026-T2,6,8.3,2,84,1.0,2,0.0,1,6.3,3,8,10,3,24.8,69.1,HIGH
UTB-LEC-051,Bachelor of Business Management,PART_TIME,7,Strategic Human Resource Management,"Quality Assurance, Public Speaking & Pedagogy",2,2026-T2,7,7.8,2,84,1.5,1,0.0,2,1.7,1,2,3,3,23.5,39.1,MODERATE
UTB-LEC-051,Bachelor of Business Management,PART_TIME,7,Strategic Human Resource Management,"Quality Assurance, Public Speaking & Pedagogy",2,2026-T2,8,8.7,2,84,1.5,0,0.0,0,1.0,3,3,3,1,19.7,47.9,MODERATE
UTB-LEC-051,Bachelor of Business Management,PART_TIME,7,Strategic Human Resource Management,"Quality Assurance, Public Speaking & Pedagogy",2,2026-T2,9,8.2,2,84,2.0,1,0.0,0,0.6,2,2,4,1,18.9,46.5,MODERATE
UTB-LEC-051,Bachelor of Business Management,PART_TIME,7,Strategic Human Resource Management,"Quality Assurance, Public Speaking & Pedagogy",2,2026-T2,10,8.6,2,84,1.5,1,0.0,2,6.4,5,8,9,3,27.1,72.3,HIGH
UTB-LEC-051,Bachelor of Business Management,PART_TIME,7,Strategic Human Resource Management,"Quality Assurance, Public Speaking & Pedagogy",2,2026-T2,11,9.4,2,84,1.5,0,0.0,0,9.9,3,6,9,5,28.7,60.2,HIGH
UTB-LEC-052,BSc Information Technology,FULL_TIME,13,Cybersecurity & Network Defense,"Financial Modeling, GIS & Spatial Mapping",2,2026-T1,1,8.9,2,74,1.5,3,2.0,1,0.9,3,2,4,2,24.7,48.4,MODERATE
UTB-LEC-052,BSc Information Technology,FULL_TIME,13,Cybersecurity & Network Defense,"Financial Modeling, GIS & Spatial Mapping",2,2026-T1,2,9.3,2,74,1.5,5,0.0,2,1.2,3,2,2,3,25.8,38.9,MODERATE
UTB-LEC-052,BSc Information Technology,FULL_TIME,13,Cybersecurity & Network Defense,"Financial Modeling, GIS & Spatial Mapping",2,2026-T1,3,8.9,2,74,2.0,6,0.0,2,2.9,2,0,5,4,30.3,39.3,MODERATE
UTB-LEC-052,BSc Information Technology,FULL_TIME,13,Cybersecurity & Network Defense,"Financial Modeling, GIS & Spatial Mapping",2,2026-T1,4,8.3,2,74,2.0,6,0.0,1,2.3,1,3,6,3,24.1,46.2,MODERATE
UTB-LEC-052,BSc Information Technology,FULL_TIME,13,Cybersecurity & Network Defense,"Financial Modeling, GIS & Spatial Mapping",2,2026-T1,5,9.1,2,74,2.0,6,0.0,0,4.2,7,9,6,5,27.5,60.0,HIGH
UTB-LEC-052,BSc Information Technology,FULL_TIME,13,Cybersecurity & Network Defense,"Financial Modeling, GIS & Spatial Mapping",2,2026-T1,6,9.0,2,74,1.5,4,4.0,1,4.5,6,10,6,3,30.0,72.5,HIGH
UTB-LEC-052,BSc Information Technology,FULL_TIME,13,Cybersecurity & Network Defense,"Financial Modeling, GIS & Spatial Mapping",2,2026-T1,7,8.2,2,74,1.5,4,2.0,1,2.9,1,4,6,2,26.0,53.7,MODERATE
UTB-LEC-052,BSc Information Technology,FULL_TIME,13,Cybersecurity & Network Defense,"Financial Modeling, GIS & Spatial Mapping",2,2026-T1,8,8.1,2,74,2.5,5,0.0,0,2.6,2,2,3,5,24.5,35.1,MODERATE
UTB-LEC-052,BSc Information Technology,FULL_TIME,13,Cybersecurity & Network Defense,"Financial Modeling, GIS & Spatial Mapping",2,2026-T1,9,9.8,2,74,1.5,2,0.0,0,1.8,3,4,3,1,24.4,51.7,MODERATE
UTB-LEC-052,BSc Information Technology,FULL_TIME,13,Cybersecurity & Network Defense,"Financial Modeling, GIS & Spatial Mapping",2,2026-T1,10,8.0,2,74,2.0,6,2.0,0,9.0,11,8,6,4,32.6,69.5,HIGH
UTB-LEC-052,BSc Information Technology,FULL_TIME,13,Cybersecurity & Network Defense,"Financial Modeling, GIS & Spatial Mapping",2,2026-T1,11,8.3,2,74,1.5,2,0.0,1,9.7,10,9,9,4,29.5,75.6,CRITICAL
UTB-LEC-052,BSc Information Technology,FULL_TIME,13,Cybersecurity & Network Defense,"Financial Modeling, GIS & Spatial Mapping",2,2026-T2,1,9.6,2,74,1.5,2,8.0,0,2.7,2,3,5,5,31.0,49.2,MODERATE
UTB-LEC-052,BSc Information Technology,FULL_TIME,13,Cybersecurity & Network Defense,"Financial Modeling, GIS & Spatial Mapping",2,2026-T2,2,8.5,2,74,1.5,5,0.0,0,0.1,2,0,2,5,19.1,20.8,LOW
UTB-LEC-052,BSc Information Technology,FULL_TIME,13,Cybersecurity & Network Defense,"Financial Modeling, GIS & Spatial Mapping",2,2026-T2,3,8.6,2,74,2.0,3,4.0,1,1.2,2,1,6,4,26.5,46.6,MODERATE
UTB-LEC-052,BSc Information Technology,FULL_TIME,13,Cybersecurity & Network Defense,"Financial Modeling, GIS & Spatial Mapping",2,2026-T2,4,8.7,2,74,2.0,6,0.0,1,4.0,2,3,4,4,27.6,46.7,MODERATE
UTB-LEC-052,BSc Information Technology,FULL_TIME,13,Cybersecurity & Network Defense,"Financial Modeling, GIS & Spatial Mapping",2,2026-T2,5,8.6,2,74,2.0,3,0.0,1,7.6,10,10,10,5,28.7,74.8,HIGH
UTB-LEC-052,BSc Information Technology,FULL_TIME,13,Cybersecurity & Network Defense,"Financial Modeling, GIS & Spatial Mapping",2,2026-T2,6,9.7,2,74,1.0,2,4.0,1,9.4,6,11,8,3,34.6,82.0,CRITICAL
UTB-LEC-052,BSc Information Technology,FULL_TIME,13,Cybersecurity & Network Defense,"Financial Modeling, GIS & Spatial Mapping",2,2026-T2,7,8.2,2,74,2.0,4,0.0,0,1.7,3,0,5,2,19.8,40.3,MODERATE
UTB-LEC-052,BSc Information Technology,FULL_TIME,13,Cybersecurity & Network Defense,"Financial Modeling, GIS & Spatial Mapping",2,2026-T2,8,8.3,2,74,1.5,6,8.0,1,0.6,1,2,5,2,30.4,52.6,MODERATE
UTB-LEC-052,BSc Information Technology,FULL_TIME,13,Cybersecurity & Network Defense,"Financial Modeling, GIS & Spatial Mapping",2,2026-T2,9,9.8,2,74,2.5,5,2.0,0,0.7,0,1,4,4,26.2,42.1,MODERATE
UTB-LEC-052,BSc Information Technology,FULL_TIME,13,Cybersecurity & Network Defense,"Financial Modeling, GIS & Spatial Mapping",2,2026-T2,10,8.5,2,74,2.0,3,2.0,1,7.2,4,11,9,4,29.6,71.2,HIGH
UTB-LEC-052,BSc Information Technology,FULL_TIME,13,Cybersecurity & Network Defense,"Financial Modeling, GIS & Spatial Mapping",2,2026-T2,11,9.7,2,74,2.5,1,4.0,1,6.8,9,4,7,2,35.6,75.5,CRITICAL
UTB-LEC-053,BSc Computer Engineering,FULL_TIME,6,Artificial Intelligence & Computer Vision,"Financial Modeling, Research Methodology",5,2026-T1,1,19.0,4,175,1.5,6,0.0,2,3.5,2,3,3,4,49.2,62.3,HIGH
UTB-LEC-053,BSc Computer Engineering,FULL_TIME,6,Artificial Intelligence & Computer Vision,"Financial Modeling, Research Methodology",5,2026-T1,2,18.0,4,175,2.0,6,0.0,2,0.8,0,1,2,1,47.3,67.5,HIGH
UTB-LEC-053,BSc Computer Engineering,FULL_TIME,6,Artificial Intelligence & Computer Vision,"Financial Modeling, Research Methodology",5,2026-T1,3,18.2,4,175,1.5,5,0.0,0,2.8,0,3,6,1,42.3,69.5,HIGH
UTB-LEC-053,BSc Computer Engineering,FULL_TIME,6,Artificial Intelligence & Computer Vision,"Financial Modeling, Research Methodology",5,2026-T1,4,19.0,4,175,2.0,1,8.0,0,0.9,1,4,2,4,50.9,61.2,HIGH
UTB-LEC-053,BSc Computer Engineering,FULL_TIME,6,Artificial Intelligence & Computer Vision,"Financial Modeling, Research Methodology",5,2026-T1,5,18.7,4,175,2.0,7,0.0,2,7.3,4,6,6,2,55.4,89.3,CRITICAL
UTB-LEC-053,BSc Computer Engineering,FULL_TIME,6,Artificial Intelligence & Computer Vision,"Financial Modeling, Research Methodology",5,2026-T1,6,18.7,4,175,2.0,3,4.0,2,8.9,3,7,6,2,58.9,95.8,CRITICAL
UTB-LEC-053,BSc Computer Engineering,FULL_TIME,6,Artificial Intelligence & Computer Vision,"Financial Modeling, Research Methodology",5,2026-T1,7,18.4,4,175,1.0,3,0.0,0,2.5,0,4,4,2,39.5,64.4,HIGH
UTB-LEC-053,BSc Computer Engineering,FULL_TIME,6,Artificial Intelligence & Computer Vision,"Financial Modeling, Research Methodology",5,2026-T1,8,18.0,4,175,2.5,2,0.0,1,1.6,0,2,3,5,47.0,52.1,MODERATE
UTB-LEC-053,BSc Computer Engineering,FULL_TIME,6,Artificial Intelligence & Computer Vision,"Financial Modeling, Research Methodology",5,2026-T1,9,18.2,4,175,1.5,7,2.0,2,1.3,3,2,5,5,47.6,59.4,HIGH
UTB-LEC-053,BSc Computer Engineering,FULL_TIME,6,Artificial Intelligence & Computer Vision,"Financial Modeling, Research Methodology",5,2026-T1,10,19.0,4,175,1.0,8,0.0,1,5.4,7,6,8,3,47.2,85.3,CRITICAL
UTB-LEC-053,BSc Computer Engineering,FULL_TIME,6,Artificial Intelligence & Computer Vision,"Financial Modeling, Research Methodology",5,2026-T1,11,17.5,4,175,1.0,3,0.0,0,6.1,8,11,10,5,41.4,88.8,CRITICAL
UTB-LEC-053,BSc Computer Engineering,FULL_TIME,6,Artificial Intelligence & Computer Vision,"Financial Modeling, Research Methodology",5,2026-T2,1,18.6,4,175,1.5,1,8.0,0,0.8,1,1,5,1,46.4,69.0,HIGH
UTB-LEC-053,BSc Computer Engineering,FULL_TIME,6,Artificial Intelligence & Computer Vision,"Financial Modeling, Research Methodology",5,2026-T2,2,18.6,4,175,1.5,2,4.0,2,0.6,2,4,6,5,46.7,68.5,HIGH
UTB-LEC-053,BSc Computer Engineering,FULL_TIME,6,Artificial Intelligence & Computer Vision,"Financial Modeling, Research Methodology",5,2026-T2,3,17.9,4,175,1.0,3,0.0,0,2.1,2,0,6,3,37.4,59.5,HIGH
UTB-LEC-053,BSc Computer Engineering,FULL_TIME,6,Artificial Intelligence & Computer Vision,"Financial Modeling, Research Methodology",5,2026-T2,4,17.7,4,175,1.5,2,8.0,1,0.8,3,0,3,2,48.1,61.7,HIGH
UTB-LEC-053,BSc Computer Engineering,FULL_TIME,6,Artificial Intelligence & Computer Vision,"Financial Modeling, Research Methodology",5,2026-T2,5,18.4,4,175,2.0,4,0.0,0,4.1,3,6,10,2,45.2,89.6,CRITICAL
UTB-LEC-053,BSc Computer Engineering,FULL_TIME,6,Artificial Intelligence & Computer Vision,"Financial Modeling, Research Methodology",5,2026-T2,6,18.6,4,175,1.5,5,8.0,2,5.4,11,5,7,2,58.8,97.4,CRITICAL
UTB-LEC-053,BSc Computer Engineering,FULL_TIME,6,Artificial Intelligence & Computer Vision,"Financial Modeling, Research Methodology",5,2026-T2,7,18.2,4,175,2.0,6,0.0,0,0.7,1,4,2,4,42.8,54.5,MODERATE
UTB-LEC-053,BSc Computer Engineering,FULL_TIME,6,Artificial Intelligence & Computer Vision,"Financial Modeling, Research Methodology",5,2026-T2,8,17.6,4,175,1.5,4,0.0,0,1.6,3,0,5,2,39.4,57.5,HIGH
UTB-LEC-053,BSc Computer Engineering,FULL_TIME,6,Artificial Intelligence & Computer Vision,"Financial Modeling, Research Methodology",5,2026-T2,9,17.6,4,175,1.5,4,0.0,2,0.1,0,3,3,3,42.6,56.1,HIGH
UTB-LEC-053,BSc Computer Engineering,FULL_TIME,6,Artificial Intelligence & Computer Vision,"Financial Modeling, Research Methodology",5,2026-T2,10,17.2,4,175,1.5,7,0.0,1,9.6,7,10,9,2,51.9,98.0,CRITICAL
UTB-LEC-053,BSc Computer Engineering,FULL_TIME,6,Artificial Intelligence & Computer Vision,"Financial Modeling, Research Methodology",5,2026-T2,11,18.3,4,175,1.5,3,0.0,1,5.6,10,6,7,5,45.4,75.1,CRITICAL
UTB-LEC-054,BSc Transport & Logistics Mgmt,FULL_TIME,5,Port & Warehouse Terminal Operations,"GIS & Spatial Mapping, Customer Relationship Management",2,2026-T1,1,7.4,2,100,2.0,4,2.0,1,1.8,0,1,2,3,25.0,32.7,LOW
UTB-LEC-054,BSc Transport & Logistics Mgmt,FULL_TIME,5,Port & Warehouse Terminal Operations,"GIS & Spatial Mapping, Customer Relationship Management",2,2026-T1,2,6.6,2,100,1.5,7,0.0,0,2.6,3,2,3,1,21.5,47.7,MODERATE
UTB-LEC-054,BSc Transport & Logistics Mgmt,FULL_TIME,5,Port & Warehouse Terminal Operations,"GIS & Spatial Mapping, Customer Relationship Management",2,2026-T1,3,6.7,2,100,1.0,1,0.0,0,1.0,0,1,5,5,15.8,31.3,LOW
UTB-LEC-054,BSc Transport & Logistics Mgmt,FULL_TIME,5,Port & Warehouse Terminal Operations,"GIS & Spatial Mapping, Customer Relationship Management",2,2026-T1,4,7.0,2,100,2.0,6,12.0,1,3.0,2,3,3,2,37.9,60.1,HIGH
UTB-LEC-054,BSc Transport & Logistics Mgmt,FULL_TIME,5,Port & Warehouse Terminal Operations,"GIS & Spatial Mapping, Customer Relationship Management",2,2026-T1,5,6.6,2,100,1.5,1,8.0,1,6.3,10,8,8,5,33.2,68.3,HIGH
UTB-LEC-054,BSc Transport & Logistics Mgmt,FULL_TIME,5,Port & Warehouse Terminal Operations,"GIS & Spatial Mapping, Customer Relationship Management",2,2026-T1,6,6.3,2,100,1.0,2,8.0,2,6.2,5,11,7,2,29.8,74.4,HIGH
UTB-LEC-054,BSc Transport & Logistics Mgmt,FULL_TIME,5,Port & Warehouse Terminal Operations,"GIS & Spatial Mapping, Customer Relationship Management",2,2026-T1,7,7.2,2,100,1.5,5,0.0,0,2.8,3,0,3,5,18.9,29.1,LOW
UTB-LEC-054,BSc Transport & Logistics Mgmt,FULL_TIME,5,Port & Warehouse Terminal Operations,"GIS & Spatial Mapping, Customer Relationship Management",2,2026-T1,8,7.6,2,100,1.5,2,0.0,1,0.8,0,4,6,4,20.9,42.2,MODERATE
UTB-LEC-054,BSc Transport & Logistics Mgmt,FULL_TIME,5,Port & Warehouse Terminal Operations,"GIS & Spatial Mapping, Customer Relationship Management",2,2026-T1,9,6.8,2,100,2.5,3,0.0,0,3.9,2,2,6,2,24.1,53.1,MODERATE
UTB-LEC-054,BSc Transport & Logistics Mgmt,FULL_TIME,5,Port & Warehouse Terminal Operations,"GIS & Spatial Mapping, Customer Relationship Management",2,2026-T1,10,6.3,2,100,1.5,5,0.0,0,8.2,3,10,7,4,22.5,63.3,HIGH
UTB-LEC-054,BSc Transport & Logistics Mgmt,FULL_TIME,5,Port & Warehouse Terminal Operations,"GIS & Spatial Mapping, Customer Relationship Management",2,2026-T1,11,7.2,2,100,1.5,6,0.0,0,9.1,3,5,6,5,28.9,48.6,MODERATE
UTB-LEC-054,BSc Transport & Logistics Mgmt,FULL_TIME,5,Port & Warehouse Terminal Operations,"GIS & Spatial Mapping, Customer Relationship Management",2,2026-T2,1,6.8,2,100,1.5,2,2.0,1,0.6,2,0,5,1,21.0,46.7,MODERATE
UTB-LEC-054,BSc Transport & Logistics Mgmt,FULL_TIME,5,Port & Warehouse Terminal Operations,"GIS & Spatial Mapping, Customer Relationship Management",2,2026-T2,2,7.5,2,100,1.5,6,0.0,2,2.6,0,0,5,5,28.4,38.2,MODERATE
UTB-LEC-054,BSc Transport & Logistics Mgmt,FULL_TIME,5,Port & Warehouse Terminal Operations,"GIS & Spatial Mapping, Customer Relationship Management",2,2026-T2,3,6.2,2,100,1.5,3,2.0,0,1.5,2,4,3,3,21.2,41.6,MODERATE
UTB-LEC-054,BSc Transport & Logistics Mgmt,FULL_TIME,5,Port & Warehouse Terminal Operations,"GIS & Spatial Mapping, Customer Relationship Management",2,2026-T2,4,7.7,2,100,2.5,7,2.0,0,0.6,2,3,5,2,24.5,51.8,MODERATE
UTB-LEC-054,BSc Transport & Logistics Mgmt,FULL_TIME,5,Port & Warehouse Terminal Operations,"GIS & Spatial Mapping, Customer Relationship Management",2,2026-T2,5,7.7,2,100,2.0,7,0.0,2,9.2,7,8,8,4,34.4,75.1,CRITICAL
UTB-LEC-054,BSc Transport & Logistics Mgmt,FULL_TIME,5,Port & Warehouse Terminal Operations,"GIS & Spatial Mapping, Customer Relationship Management",2,2026-T2,6,7.3,2,100,1.0,7,0.0,1,4.1,4,5,9,5,26.0,53.7,MODERATE
UTB-LEC-054,BSc Transport & Logistics Mgmt,FULL_TIME,5,Port & Warehouse Terminal Operations,"GIS & Spatial Mapping, Customer Relationship Management",2,2026-T2,7,7.9,2,100,1.0,6,0.0,0,2.4,3,4,3,5,23.3,36.1,MODERATE
UTB-LEC-054,BSc Transport & Logistics Mgmt,FULL_TIME,5,Port & Warehouse Terminal Operations,"GIS & Spatial Mapping, Customer Relationship Management",2,2026-T2,8,6.9,2,100,1.5,3,0.0,0,0.7,3,1,5,2,16.9,44.6,MODERATE
UTB-LEC-054,BSc Transport & Logistics Mgmt,FULL_TIME,5,Port & Warehouse Terminal Operations,"GIS & Spatial Mapping, Customer Relationship Management",2,2026-T2,9,8.0,2,100,1.5,3,0.0,0,2.3,3,0,3,2,18.1,35.3,MODERATE
UTB-LEC-054,BSc Transport & Logistics Mgmt,FULL_TIME,5,Port & Warehouse Terminal Operations,"GIS & Spatial Mapping, Customer Relationship Management",2,2026-T2,10,8.0,2,100,2.5,3,2.0,1,7.2,11,11,6,1,32.7,85.5,CRITICAL
UTB-LEC-054,BSc Transport & Logistics Mgmt,FULL_TIME,5,Port & Warehouse Terminal Operations,"GIS & Spatial Mapping, Customer Relationship Management",2,2026-T2,11,7.2,2,100,2.0,6,4.0,1,6.9,4,9,8,4,33.7,73.9,HIGH
UTB-LEC-055,BA Hotel & Restaurant Management,FULL_TIME,12,Culinary Arts & Kitchen Operations,"Financial Modeling, Quality Assurance",5,2026-T1,1,23.2,3,265,2.0,3,4.0,0,1.5,0,3,6,1,60.0,89.6,CRITICAL
UTB-LEC-055,BA Hotel & Restaurant Management,FULL_TIME,12,Culinary Arts & Kitchen Operations,"Financial Modeling, Quality Assurance",5,2026-T1,2,22.4,3,265,1.5,1,2.0,0,3.5,0,0,3,5,53.9,56.5,HIGH
UTB-LEC-055,BA Hotel & Restaurant Management,FULL_TIME,12,Culinary Arts & Kitchen Operations,"Financial Modeling, Quality Assurance",5,2026-T1,3,21.8,3,265,1.0,3,0.0,1,2.5,0,2,2,4,49.3,58.2,HIGH
UTB-LEC-055,BA Hotel & Restaurant Management,FULL_TIME,12,Culinary Arts & Kitchen Operations,"Financial Modeling, Quality Assurance",5,2026-T1,4,23.1,3,265,2.0,8,0.0,0,1.4,1,2,5,5,59.3,71.2,HIGH
UTB-LEC-055,BA Hotel & Restaurant Management,FULL_TIME,12,Culinary Arts & Kitchen Operations,"Financial Modeling, Quality Assurance",5,2026-T1,5,22.2,3,265,1.5,6,12.0,1,7.0,10,6,9,1,69.6,98.0,CRITICAL
UTB-LEC-055,BA Hotel & Restaurant Management,FULL_TIME,12,Culinary Arts & Kitchen Operations,"Financial Modeling, Quality Assurance",5,2026-T1,6,22.6,3,265,2.0,2,2.0,0,10.0,3,5,8,5,66.1,90.2,CRITICAL
UTB-LEC-055,BA Hotel & Restaurant Management,FULL_TIME,12,Culinary Arts & Kitchen Operations,"Financial Modeling, Quality Assurance",5,2026-T1,7,21.9,3,265,2.5,4,2.0,0,0.1,3,2,5,2,58.9,82.4,CRITICAL
UTB-LEC-055,BA Hotel & Restaurant Management,FULL_TIME,12,Culinary Arts & Kitchen Operations,"Financial Modeling, Quality Assurance",5,2026-T1,8,21.9,3,265,2.0,5,0.0,1,1.1,0,1,5,1,57.2,77.9,CRITICAL
UTB-LEC-055,BA Hotel & Restaurant Management,FULL_TIME,12,Culinary Arts & Kitchen Operations,"Financial Modeling, Quality Assurance",5,2026-T1,9,22.0,3,265,2.0,2,2.0,0,3.2,1,2,4,3,56.8,71.8,HIGH
UTB-LEC-055,BA Hotel & Restaurant Management,FULL_TIME,12,Culinary Arts & Kitchen Operations,"Financial Modeling, Quality Assurance",5,2026-T1,10,23.3,3,265,1.5,5,0.0,1,6.6,9,4,10,1,61.3,98.0,CRITICAL
UTB-LEC-055,BA Hotel & Restaurant Management,FULL_TIME,12,Culinary Arts & Kitchen Operations,"Financial Modeling, Quality Assurance",5,2026-T1,11,23.0,3,265,2.5,3,0.0,2,6.8,8,10,9,2,68.1,98.0,CRITICAL
UTB-LEC-055,BA Hotel & Restaurant Management,FULL_TIME,12,Culinary Arts & Kitchen Operations,"Financial Modeling, Quality Assurance",5,2026-T2,1,23.1,3,265,1.0,4,0.0,0,1.2,3,4,4,2,47.7,71.5,HIGH
UTB-LEC-055,BA Hotel & Restaurant Management,FULL_TIME,12,Culinary Arts & Kitchen Operations,"Financial Modeling, Quality Assurance",5,2026-T2,2,21.8,3,265,2.0,6,8.0,1,0.5,1,0,3,1,65.0,80.4,CRITICAL
UTB-LEC-055,BA Hotel & Restaurant Management,FULL_TIME,12,Culinary Arts & Kitchen Operations,"Financial Modeling, Quality Assurance",5,2026-T2,3,22.3,3,265,2.0,2,0.0,2,2.4,2,1,5,1,60.7,80.4,CRITICAL
UTB-LEC-055,BA Hotel & Restaurant Management,FULL_TIME,12,Culinary Arts & Kitchen Operations,"Financial Modeling, Quality Assurance",5,2026-T2,4,22.4,3,265,1.0,2,4.0,0,2.4,2,4,6,3,51.7,77.4,CRITICAL
UTB-LEC-055,BA Hotel & Restaurant Management,FULL_TIME,12,Culinary Arts & Kitchen Operations,"Financial Modeling, Quality Assurance",5,2026-T2,5,22.0,3,265,1.5,6,2.0,0,7.9,3,10,6,5,60.4,86.2,CRITICAL
UTB-LEC-055,BA Hotel & Restaurant Management,FULL_TIME,12,Culinary Arts & Kitchen Operations,"Financial Modeling, Quality Assurance",5,2026-T2,6,21.9,3,265,1.0,8,0.0,2,9.3,6,10,6,5,58.3,86.2,CRITICAL
UTB-LEC-055,BA Hotel & Restaurant Management,FULL_TIME,12,Culinary Arts & Kitchen Operations,"Financial Modeling, Quality Assurance",5,2026-T2,7,22.6,3,265,2.0,1,2.0,0,1.6,0,0,5,3,54.7,69.1,HIGH
UTB-LEC-055,BA Hotel & Restaurant Management,FULL_TIME,12,Culinary Arts & Kitchen Operations,"Financial Modeling, Quality Assurance",5,2026-T2,8,22.6,3,265,1.0,3,0.0,0,0.2,0,1,3,3,45.1,55.9,HIGH
UTB-LEC-055,BA Hotel & Restaurant Management,FULL_TIME,12,Culinary Arts & Kitchen Operations,"Financial Modeling, Quality Assurance",5,2026-T2,9,22.3,3,265,1.5,8,2.0,2,2.8,2,2,3,2,60.9,76.6,CRITICAL
UTB-LEC-055,BA Hotel & Restaurant Management,FULL_TIME,12,Culinary Arts & Kitchen Operations,"Financial Modeling, Quality Assurance",5,2026-T2,10,22.7,3,265,1.0,5,0.0,0,8.5,5,8,9,2,55.2,98.0,CRITICAL
UTB-LEC-055,BA Hotel & Restaurant Management,FULL_TIME,12,Culinary Arts & Kitchen Operations,"Financial Modeling, Quality Assurance",5,2026-T2,11,23.3,3,265,1.5,4,0.0,2,8.1,8,9,9,5,61.8,98.0,CRITICAL
UTB-LEC-056,BA Community Development,PART_TIME,9,Gender & Social Inclusion Policy,"Research Methodology, Financial Modeling",2,2026-T1,1,9.5,2,82,2.5,0,0.0,2,3.4,1,2,5,5,28.0,47.3,MODERATE
UTB-LEC-056,BA Community Development,PART_TIME,9,Gender & Social Inclusion Policy,"Research Methodology, Financial Modeling",2,2026-T1,2,7.8,2,82,2.0,2,0.0,0,3.6,3,4,6,2,23.5,56.0,HIGH
UTB-LEC-056,BA Community Development,PART_TIME,9,Gender & Social Inclusion Policy,"Research Methodology, Financial Modeling",2,2026-T1,3,8.0,2,82,2.0,1,0.0,1,3.6,2,3,6,1,22.2,57.6,HIGH
UTB-LEC-056,BA Community Development,PART_TIME,9,Gender & Social Inclusion Policy,"Research Methodology, Financial Modeling",2,2026-T1,4,7.7,2,82,2.0,2,0.0,0,1.9,1,4,2,4,19.6,35.7,MODERATE
UTB-LEC-056,BA Community Development,PART_TIME,9,Gender & Social Inclusion Policy,"Research Methodology, Financial Modeling",2,2026-T1,5,9.2,2,82,2.5,1,0.0,2,6.1,10,7,6,1,31.4,71.7,HIGH
UTB-LEC-056,BA Community Development,PART_TIME,9,Gender & Social Inclusion Policy,"Research Methodology, Financial Modeling",2,2026-T1,6,8.0,2,82,2.0,1,0.0,0,9.4,6,10,7,3,29.0,70.4,HIGH
UTB-LEC-056,BA Community Development,PART_TIME,9,Gender & Social Inclusion Policy,"Research Methodology, Financial Modeling",2,2026-T1,7,8.3,2,82,2.0,2,0.0,0,0.3,2,0,6,1,20.0,45.8,MODERATE
UTB-LEC-056,BA Community Development,PART_TIME,9,Gender & Social Inclusion Policy,"Research Methodology, Financial Modeling",2,2026-T1,8,9.2,2,82,1.5,1,0.0,0,1.6,0,2,2,4,20.3,28.4,LOW
UTB-LEC-056,BA Community Development,PART_TIME,9,Gender & Social Inclusion Policy,"Research Methodology, Financial Modeling",2,2026-T1,9,7.8,2,82,2.0,1,0.0,1,2.5,0,0,2,3,22.4,31.2,LOW
UTB-LEC-056,BA Community Development,PART_TIME,9,Gender & Social Inclusion Policy,"Research Methodology, Financial Modeling",2,2026-T1,10,9.4,2,82,1.5,1,0.0,0,9.6,8,10,6,4,30.3,66.8,HIGH
UTB-LEC-056,BA Community Development,PART_TIME,9,Gender & Social Inclusion Policy,"Research Methodology, Financial Modeling",2,2026-T1,11,9.1,2,82,1.0,1,0.0,1,6.6,4,7,9,4,26.6,64.9,HIGH
UTB-LEC-056,BA Community Development,PART_TIME,9,Gender & Social Inclusion Policy,"Research Methodology, Financial Modeling",2,2026-T2,1,7.9,2,82,1.0,2,0.0,1,3.7,1,3,5,4,21.2,38.8,MODERATE
UTB-LEC-056,BA Community Development,PART_TIME,9,Gender & Social Inclusion Policy,"Research Methodology, Financial Modeling",2,2026-T2,2,7.8,2,82,1.0,1,0.0,0,0.7,2,3,6,3,17.6,44.8,MODERATE
UTB-LEC-056,BA Community Development,PART_TIME,9,Gender & Social Inclusion Policy,"Research Methodology, Financial Modeling",2,2026-T2,3,9.1,2,82,2.0,1,0.0,0,3.6,2,1,5,1,24.3,47.4,MODERATE
UTB-LEC-056,BA Community Development,PART_TIME,9,Gender & Social Inclusion Policy,"Research Methodology, Financial Modeling",2,2026-T2,4,9.0,2,82,1.5,2,0.0,0,1.1,0,3,3,1,19.3,41.9,MODERATE
UTB-LEC-056,BA Community Development,PART_TIME,9,Gender & Social Inclusion Policy,"Research Methodology, Financial Modeling",2,2026-T2,5,8.7,2,82,1.5,1,0.0,0,5.0,7,8,8,4,22.6,61.0,HIGH
UTB-LEC-056,BA Community Development,PART_TIME,9,Gender & Social Inclusion Policy,"Research Methodology, Financial Modeling",2,2026-T2,6,8.8,2,82,2.0,0,0.0,0,4.6,9,4,10,5,22.3,59.1,HIGH
UTB-LEC-056,BA Community Development,PART_TIME,9,Gender & Social Inclusion Policy,"Research Methodology, Financial Modeling",2,2026-T2,7,9.1,2,82,2.5,0,0.0,0,0.4,1,1,5,1,20.6,48.5,MODERATE
UTB-LEC-056,BA Community Development,PART_TIME,9,Gender & Social Inclusion Policy,"Research Methodology, Financial Modeling",2,2026-T2,8,9.0,2,82,2.0,0,0.0,0,1.7,1,3,4,1,19.7,45.9,MODERATE
UTB-LEC-056,BA Community Development,PART_TIME,9,Gender & Social Inclusion Policy,"Research Methodology, Financial Modeling",2,2026-T2,9,8.5,2,82,1.5,1,0.0,0,3.8,3,3,3,5,20.9,35.0,LOW
UTB-LEC-056,BA Community Development,PART_TIME,9,Gender & Social Inclusion Policy,"Research Methodology, Financial Modeling",2,2026-T2,10,7.7,2,82,1.5,2,0.0,0,5.5,5,6,7,3,23.7,58.5,HIGH
UTB-LEC-056,BA Community Development,PART_TIME,9,Gender & Social Inclusion Policy,"Research Methodology, Financial Modeling",2,2026-T2,11,8.7,2,82,1.5,1,0.0,1,6.7,3,8,10,3,27.7,76.1,CRITICAL
UTB-LEC-057,BSc Travel & Tourism Management,FULL_TIME,17,Ecotourism & Sustainable Development,"Customer Relationship Management, Data Analysis with Python",3,2026-T1,1,13.7,3,168,1.5,4,0.0,0,2.0,0,1,3,4,33.0,41.0,MODERATE
UTB-LEC-057,BSc Travel & Tourism Management,FULL_TIME,17,Ecotourism & Sustainable Development,"Customer Relationship Management, Data Analysis with Python",3,2026-T1,2,13.3,3,168,2.0,2,0.0,1,1.0,0,4,4,4,37.1,53.7,MODERATE
UTB-LEC-057,BSc Travel & Tourism Management,FULL_TIME,17,Ecotourism & Sustainable Development,"Customer Relationship Management, Data Analysis with Python",3,2026-T1,3,12.8,3,168,2.5,9,0.0,2,1.5,2,1,6,5,42.5,53.0,MODERATE
UTB-LEC-057,BSc Travel & Tourism Management,FULL_TIME,17,Ecotourism & Sustainable Development,"Customer Relationship Management, Data Analysis with Python",3,2026-T1,4,13.3,3,168,2.0,5,0.0,1,0.6,0,4,6,2,38.4,68.1,HIGH
UTB-LEC-057,BSc Travel & Tourism Management,FULL_TIME,17,Ecotourism & Sustainable Development,"Customer Relationship Management, Data Analysis with Python",3,2026-T1,5,12.2,3,168,1.5,2,0.0,0,9.6,5,10,7,3,35.4,77.0,CRITICAL
UTB-LEC-057,BSc Travel & Tourism Management,FULL_TIME,17,Ecotourism & Sustainable Development,"Customer Relationship Management, Data Analysis with Python",3,2026-T1,6,13.5,3,168,1.5,4,0.0,0,7.0,5,8,7,4,38.4,74.9,HIGH
UTB-LEC-057,BSc Travel & Tourism Management,FULL_TIME,17,Ecotourism & Sustainable Development,"Customer Relationship Management, Data Analysis with Python",3,2026-T1,7,13.9,3,168,1.5,9,4.0,1,2.6,2,3,6,1,42.1,72.9,HIGH
UTB-LEC-057,BSc Travel & Tourism Management,FULL_TIME,17,Ecotourism & Sustainable Development,"Customer Relationship Management, Data Analysis with Python",3,2026-T1,8,13.1,3,168,2.0,4,0.0,1,2.4,2,2,3,1,36.5,62.7,HIGH
UTB-LEC-057,BSc Travel & Tourism Management,FULL_TIME,17,Ecotourism & Sustainable Development,"Customer Relationship Management, Data Analysis with Python",3,2026-T1,9,13.5,3,168,1.5,6,0.0,1,3.9,2,0,5,5,37.5,47.1,MODERATE
UTB-LEC-057,BSc Travel & Tourism Management,FULL_TIME,17,Ecotourism & Sustainable Development,"Customer Relationship Management, Data Analysis with Python",3,2026-T1,10,13.3,3,168,1.5,4,0.0,0,6.3,6,7,10,2,37.2,86.1,CRITICAL
UTB-LEC-057,BSc Travel & Tourism Management,FULL_TIME,17,Ecotourism & Sustainable Development,"Customer Relationship Management, Data Analysis with Python",3,2026-T1,11,13.2,3,168,2.0,7,0.0,0,9.8,9,10,8,5,43.3,84.0,CRITICAL
UTB-LEC-057,BSc Travel & Tourism Management,FULL_TIME,17,Ecotourism & Sustainable Development,"Customer Relationship Management, Data Analysis with Python",3,2026-T2,1,12.3,3,168,1.5,1,2.0,0,1.6,0,1,5,4,32.0,47.4,MODERATE
UTB-LEC-057,BSc Travel & Tourism Management,FULL_TIME,17,Ecotourism & Sustainable Development,"Customer Relationship Management, Data Analysis with Python",3,2026-T2,2,12.4,3,168,1.5,7,0.0,0,2.7,3,4,5,1,33.4,66.9,HIGH
UTB-LEC-057,BSc Travel & Tourism Management,FULL_TIME,17,Ecotourism & Sustainable Development,"Customer Relationship Management, Data Analysis with Python",3,2026-T2,3,13.1,3,168,2.0,3,0.0,0,2.6,3,2,6,3,35.6,60.4,HIGH
UTB-LEC-057,BSc Travel & Tourism Management,FULL_TIME,17,Ecotourism & Sustainable Development,"Customer Relationship Management, Data Analysis with Python",3,2026-T2,4,13.9,3,168,1.5,4,0.0,0,2.0,1,0,5,3,33.8,53.1,MODERATE
UTB-LEC-057,BSc Travel & Tourism Management,FULL_TIME,17,Ecotourism & Sustainable Development,"Customer Relationship Management, Data Analysis with Python",3,2026-T2,5,12.9,3,168,1.5,9,0.0,2,4.7,3,6,7,3,41.0,71.3,HIGH
UTB-LEC-057,BSc Travel & Tourism Management,FULL_TIME,17,Ecotourism & Sustainable Development,"Customer Relationship Management, Data Analysis with Python",3,2026-T2,6,12.2,3,168,2.0,7,0.0,0,8.2,8,7,6,3,40.8,75.6,CRITICAL
UTB-LEC-057,BSc Travel & Tourism Management,FULL_TIME,17,Ecotourism & Sustainable Development,"Customer Relationship Management, Data Analysis with Python",3,2026-T2,7,12.9,3,168,2.5,2,2.0,0,3.2,2,4,4,5,40.2,50.7,MODERATE
UTB-LEC-057,BSc Travel & Tourism Management,FULL_TIME,17,Ecotourism & Sustainable Development,"Customer Relationship Management, Data Analysis with Python",3,2026-T2,8,13.3,3,168,1.5,6,0.0,2,1.8,3,4,2,2,35.9,56.6,HIGH
UTB-LEC-057,BSc Travel & Tourism Management,FULL_TIME,17,Ecotourism & Sustainable Development,"Customer Relationship Management, Data Analysis with Python",3,2026-T2,9,13.3,3,168,1.0,4,4.0,0,3.8,2,0,4,2,37.3,53.7,MODERATE
UTB-LEC-057,BSc Travel & Tourism Management,FULL_TIME,17,Ecotourism & Sustainable Development,"Customer Relationship Management, Data Analysis with Python",3,2026-T2,10,13.4,3,168,1.5,5,2.0,0,8.8,10,5,8,5,42.9,77.8,CRITICAL
UTB-LEC-057,BSc Travel & Tourism Management,FULL_TIME,17,Ecotourism & Sustainable Development,"Customer Relationship Management, Data Analysis with Python",3,2026-T2,11,13.6,3,168,2.0,4,2.0,2,7.3,5,11,8,3,47.6,91.6,CRITICAL
UTB-LEC-058,Bachelor of Business Management,PART_TIME,7,Marketing Strategy & Consumer Behavior,"Financial Modeling, Research Methodology",2,2026-T1,1,9.3,2,92,1.0,1,0.0,2,2.7,2,2,6,5,25.2,43.3,MODERATE
UTB-LEC-058,Bachelor of Business Management,PART_TIME,7,Marketing Strategy & Consumer Behavior,"Financial Modeling, Research Methodology",2,2026-T1,2,7.8,2,92,1.0,0,0.0,0,3.4,2,4,2,3,18.0,38.2,MODERATE
UTB-LEC-058,Bachelor of Business Management,PART_TIME,7,Marketing Strategy & Consumer Behavior,"Financial Modeling, Research Methodology",2,2026-T1,3,9.5,2,92,1.5,0,0.0,2,0.2,0,0,4,1,23.9,44.7,MODERATE
UTB-LEC-058,Bachelor of Business Management,PART_TIME,7,Marketing Strategy & Consumer Behavior,"Financial Modeling, Research Methodology",2,2026-T1,4,9.7,2,92,1.5,5,0.0,0,1.4,2,4,6,5,24.1,43.6,MODERATE
UTB-LEC-058,Bachelor of Business Management,PART_TIME,7,Marketing Strategy & Consumer Behavior,"Financial Modeling, Research Methodology",2,2026-T1,5,8.3,2,92,1.0,1,0.0,2,7.7,6,6,9,5,28.3,58.0,HIGH
UTB-LEC-058,Bachelor of Business Management,PART_TIME,7,Marketing Strategy & Consumer Behavior,"Financial Modeling, Research Methodology",2,2026-T1,6,8.4,2,92,2.0,2,0.0,0,4.2,6,7,8,2,24.2,66.6,HIGH
UTB-LEC-058,Bachelor of Business Management,PART_TIME,7,Marketing Strategy & Consumer Behavior,"Financial Modeling, Research Methodology",2,2026-T1,7,8.4,2,92,1.0,1,0.0,2,0.9,2,0,3,5,21.1,25.4,LOW
UTB-LEC-058,Bachelor of Business Management,PART_TIME,7,Marketing Strategy & Consumer Behavior,"Financial Modeling, Research Methodology",2,2026-T1,8,8.4,2,92,2.0,0,0.0,0,2.5,0,4,6,1,22.9,56.1,HIGH
UTB-LEC-058,Bachelor of Business Management,PART_TIME,7,Marketing Strategy & Consumer Behavior,"Financial Modeling, Research Methodology",2,2026-T1,9,9.3,2,92,1.5,3,0.0,0,3.0,1,4,4,1,24.8,52.1,MODERATE
UTB-LEC-058,Bachelor of Business Management,PART_TIME,7,Marketing Strategy & Consumer Behavior,"Financial Modeling, Research Methodology",2,2026-T1,10,9.3,2,92,1.5,3,0.0,1,6.3,4,11,9,1,28.0,79.5,CRITICAL
UTB-LEC-058,Bachelor of Business Management,PART_TIME,7,Marketing Strategy & Consumer Behavior,"Financial Modeling, Research Methodology",2,2026-T1,11,9.1,2,92,1.0,0,0.0,0,8.9,10,10,8,5,26.2,66.6,HIGH
UTB-LEC-058,Bachelor of Business Management,PART_TIME,7,Marketing Strategy & Consumer Behavior,"Financial Modeling, Research Methodology",2,2026-T2,1,8.9,2,92,2.0,0,0.0,0,1.7,1,2,5,4,21.5,40.4,MODERATE
UTB-LEC-058,Bachelor of Business Management,PART_TIME,7,Marketing Strategy & Consumer Behavior,"Financial Modeling, Research Methodology",2,2026-T2,2,8.7,2,92,1.0,4,0.0,0,1.8,2,4,2,1,21.7,43.0,MODERATE
UTB-LEC-058,Bachelor of Business Management,PART_TIME,7,Marketing Strategy & Consumer Behavior,"Financial Modeling, Research Methodology",2,2026-T2,3,8.3,2,92,2.0,3,0.0,2,1.0,3,1,4,3,26.2,44.8,MODERATE
UTB-LEC-058,Bachelor of Business Management,PART_TIME,7,Marketing Strategy & Consumer Behavior,"Financial Modeling, Research Methodology",2,2026-T2,4,7.8,2,92,1.5,1,0.0,1,2.7,3,2,3,5,20.9,33.8,LOW
UTB-LEC-058,Bachelor of Business Management,PART_TIME,7,Marketing Strategy & Consumer Behavior,"Financial Modeling, Research Methodology",2,2026-T2,5,9.7,2,92,1.5,0,0.0,1,6.4,7,7,7,2,28.8,68.9,HIGH
UTB-LEC-058,Bachelor of Business Management,PART_TIME,7,Marketing Strategy & Consumer Behavior,"Financial Modeling, Research Methodology",2,2026-T2,6,8.0,2,92,1.5,2,0.0,0,6.1,8,10,6,2,25.7,67.7,HIGH
UTB-LEC-058,Bachelor of Business Management,PART_TIME,7,Marketing Strategy & Consumer Behavior,"Financial Modeling, Research Methodology",2,2026-T2,7,8.4,2,92,2.0,0,0.0,0,1.0,3,1,2,2,19.9,30.4,LOW
UTB-LEC-058,Bachelor of Business Management,PART_TIME,7,Marketing Strategy & Consumer Behavior,"Financial Modeling, Research Methodology",2,2026-T2,8,8.9,2,92,1.5,0,0.0,0,1.7,3,3,5,4,21.6,42.6,MODERATE
UTB-LEC-058,Bachelor of Business Management,PART_TIME,7,Marketing Strategy & Consumer Behavior,"Financial Modeling, Research Methodology",2,2026-T2,9,8.8,2,92,1.0,1,0.0,0,3.8,1,2,5,1,21.0,52.6,MODERATE
UTB-LEC-058,Bachelor of Business Management,PART_TIME,7,Marketing Strategy & Consumer Behavior,"Financial Modeling, Research Methodology",2,2026-T2,10,8.5,2,92,2.0,0,0.0,1,10.0,10,9,7,5,32.4,67.6,HIGH
UTB-LEC-058,Bachelor of Business Management,PART_TIME,7,Marketing Strategy & Consumer Behavior,"Financial Modeling, Research Methodology",2,2026-T2,11,8.8,2,92,1.0,1,0.0,0,6.5,11,8,10,2,24.6,79.1,CRITICAL
UTB-LEC-059,BSc Information Technology,FULL_TIME,5,Management Information Systems (MIS),"Research Methodology, Data Analysis with Python",2,2026-T1,1,6.9,2,104,1.5,6,0.0,1,2.3,2,4,5,5,21.6,45.8,MODERATE
UTB-LEC-059,BSc Information Technology,FULL_TIME,5,Management Information Systems (MIS),"Research Methodology, Data Analysis with Python",2,2026-T1,2,7.4,2,104,1.5,4,0.0,0,1.1,2,2,4,4,20.5,37.5,MODERATE
UTB-LEC-059,BSc Information Technology,FULL_TIME,5,Management Information Systems (MIS),"Research Methodology, Data Analysis with Python",2,2026-T1,3,6.7,2,104,1.5,3,0.0,0,0.3,3,0,6,3,18.2,36.7,MODERATE
UTB-LEC-059,BSc Information Technology,FULL_TIME,5,Management Information Systems (MIS),"Research Methodology, Data Analysis with Python",2,2026-T1,4,8.0,2,104,1.0,2,2.0,1,0.6,2,2,5,2,20.1,47.3,MODERATE
UTB-LEC-059,BSc Information Technology,FULL_TIME,5,Management Information Systems (MIS),"Research Methodology, Data Analysis with Python",2,2026-T1,5,8.4,2,104,1.0,3,0.0,2,6.5,10,8,7,3,29.0,68.6,HIGH
UTB-LEC-059,BSc Information Technology,FULL_TIME,5,Management Information Systems (MIS),"Research Methodology, Data Analysis with Python",2,2026-T1,6,6.7,2,104,1.0,4,2.0,0,7.9,6,9,10,3,26.3,73.7,HIGH
UTB-LEC-059,BSc Information Technology,FULL_TIME,5,Management Information Systems (MIS),"Research Methodology, Data Analysis with Python",2,2026-T1,7,7.6,2,104,2.5,2,12.0,2,3.9,3,4,6,2,41.0,69.7,HIGH
UTB-LEC-059,BSc Information Technology,FULL_TIME,5,Management Information Systems (MIS),"Research Methodology, Data Analysis with Python",2,2026-T1,8,7.9,2,104,1.5,2,0.0,0,0.2,2,2,6,4,16.5,37.0,MODERATE
UTB-LEC-059,BSc Information Technology,FULL_TIME,5,Management Information Systems (MIS),"Research Methodology, Data Analysis with Python",2,2026-T1,9,7.3,2,104,1.5,5,8.0,1,0.4,1,1,6,2,28.9,54.9,MODERATE
UTB-LEC-059,BSc Information Technology,FULL_TIME,5,Management Information Systems (MIS),"Research Methodology, Data Analysis with Python",2,2026-T1,10,6.7,2,104,1.0,4,0.0,1,5.2,3,5,10,4,21.4,60.6,HIGH
UTB-LEC-059,BSc Information Technology,FULL_TIME,5,Management Information Systems (MIS),"Research Methodology, Data Analysis with Python",2,2026-T1,11,7.3,2,104,1.5,6,2.0,1,4.2,4,8,9,5,28.8,65.0,HIGH
UTB-LEC-059,BSc Information Technology,FULL_TIME,5,Management Information Systems (MIS),"Research Methodology, Data Analysis with Python",2,2026-T2,1,6.7,2,104,1.0,4,0.0,1,3.9,1,4,3,5,22.4,34.5,LOW
UTB-LEC-059,BSc Information Technology,FULL_TIME,5,Management Information Systems (MIS),"Research Methodology, Data Analysis with Python",2,2026-T2,2,7.4,2,104,1.5,3,12.0,0,3.6,0,1,3,5,35.5,41.6,MODERATE
UTB-LEC-059,BSc Information Technology,FULL_TIME,5,Management Information Systems (MIS),"Research Methodology, Data Analysis with Python",2,2026-T2,3,6.6,2,104,1.5,2,2.0,0,1.1,2,1,4,1,18.6,41.3,MODERATE
UTB-LEC-059,BSc Information Technology,FULL_TIME,5,Management Information Systems (MIS),"Research Methodology, Data Analysis with Python",2,2026-T2,4,6.7,2,104,1.5,5,0.0,1,2.6,3,2,2,4,20.4,31.0,LOW
UTB-LEC-059,BSc Information Technology,FULL_TIME,5,Management Information Systems (MIS),"Research Methodology, Data Analysis with Python",2,2026-T2,5,7.3,2,104,2.0,8,0.0,1,6.4,3,9,9,2,29.9,74.1,HIGH
UTB-LEC-059,BSc Information Technology,FULL_TIME,5,Management Information Systems (MIS),"Research Methodology, Data Analysis with Python",2,2026-T2,6,7.5,2,104,1.0,5,2.0,1,4.4,6,10,9,2,24.9,75.6,CRITICAL
UTB-LEC-059,BSc Information Technology,FULL_TIME,5,Management Information Systems (MIS),"Research Methodology, Data Analysis with Python",2,2026-T2,7,8.1,2,104,1.5,1,4.0,1,0.6,3,0,4,4,24.9,36.0,MODERATE
UTB-LEC-059,BSc Information Technology,FULL_TIME,5,Management Information Systems (MIS),"Research Methodology, Data Analysis with Python",2,2026-T2,8,7.4,2,104,1.0,5,8.0,2,2.9,2,1,5,3,32.9,49.9,MODERATE
UTB-LEC-059,BSc Information Technology,FULL_TIME,5,Management Information Systems (MIS),"Research Methodology, Data Analysis with Python",2,2026-T2,9,6.5,2,104,2.0,4,0.0,1,2.6,1,1,5,2,24.2,46.1,MODERATE
UTB-LEC-059,BSc Information Technology,FULL_TIME,5,Management Information Systems (MIS),"Research Methodology, Data Analysis with Python",2,2026-T2,10,6.5,2,104,1.0,4,2.0,1,7.3,11,7,10,3,27.1,76.6,CRITICAL
UTB-LEC-059,BSc Information Technology,FULL_TIME,5,Management Information Systems (MIS),"Research Methodology, Data Analysis with Python",2,2026-T2,11,6.5,2,104,1.5,4,0.0,1,9.5,10,9,10,1,29.2,89.7,CRITICAL
UTB-LEC-060,BSc Computer Engineering,PART_TIME,17,Embedded Systems & IoT,"Data Analysis with Python, Research Methodology",2,2026-T1,1,7.9,2,118,2.0,1,0.0,0,0.7,3,1,4,3,20.5,40.6,MODERATE
UTB-LEC-060,BSc Computer Engineering,PART_TIME,17,Embedded Systems & IoT,"Data Analysis with Python, Research Methodology",2,2026-T1,2,7.9,2,118,1.5,0,0.0,2,1.0,0,1,2,4,24.1,32.3,LOW
UTB-LEC-060,BSc Computer Engineering,PART_TIME,17,Embedded Systems & IoT,"Data Analysis with Python, Research Methodology",2,2026-T1,3,7.6,2,118,1.5,0,0.0,2,2.3,2,1,6,3,22.7,46.1,MODERATE
UTB-LEC-060,BSc Computer Engineering,PART_TIME,17,Embedded Systems & IoT,"Data Analysis with Python, Research Methodology",2,2026-T1,4,7.2,2,118,1.0,1,0.0,0,1.1,2,0,6,1,17.0,47.7,MODERATE
UTB-LEC-060,BSc Computer Engineering,PART_TIME,17,Embedded Systems & IoT,"Data Analysis with Python, Research Methodology",2,2026-T1,5,8.3,2,118,2.0,1,0.0,2,7.1,9,9,7,5,33.0,65.7,HIGH
UTB-LEC-060,BSc Computer Engineering,PART_TIME,17,Embedded Systems & IoT,"Data Analysis with Python, Research Methodology",2,2026-T1,6,8.4,2,118,1.5,2,0.0,0,7.2,10,5,8,5,27.5,60.1,HIGH
UTB-LEC-060,BSc Computer Engineering,PART_TIME,17,Embedded Systems & IoT,"Data Analysis with Python, Research Methodology",2,2026-T1,7,6.9,2,118,1.5,0,0.0,0,3.6,0,3,6,5,18.5,35.6,MODERATE
UTB-LEC-060,BSc Computer Engineering,PART_TIME,17,Embedded Systems & IoT,"Data Analysis with Python, Research Methodology",2,2026-T1,8,6.5,2,118,2.0,1,0.0,1,0.9,1,4,4,3,18.5,40.9,MODERATE
UTB-LEC-060,BSc Computer Engineering,PART_TIME,17,Embedded Systems & IoT,"Data Analysis with Python, Research Methodology",2,2026-T1,9,6.9,2,118,2.0,2,0.0,0,3.0,0,3,5,4,22.3,41.3,MODERATE
UTB-LEC-060,BSc Computer Engineering,PART_TIME,17,Embedded Systems & IoT,"Data Analysis with Python, Research Methodology",2,2026-T1,10,6.7,2,118,2.0,1,0.0,0,7.6,10,4,9,5,28.7,63.6,HIGH
UTB-LEC-060,BSc Computer Engineering,PART_TIME,17,Embedded Systems & IoT,"Data Analysis with Python, Research Methodology",2,2026-T1,11,7.9,2,118,2.0,1,0.0,0,5.8,3,11,7,3,26.0,68.3,HIGH
UTB-LEC-060,BSc Computer Engineering,PART_TIME,17,Embedded Systems & IoT,"Data Analysis with Python, Research Methodology",2,2026-T2,1,7.5,2,118,1.0,2,0.0,0,3.1,3,4,3,3,19.1,36.2,MODERATE
UTB-LEC-060,BSc Computer Engineering,PART_TIME,17,Embedded Systems & IoT,"Data Analysis with Python, Research Methodology",2,2026-T2,2,7.4,2,118,2.0,0,0.0,0,0.1,2,0,3,4,17.8,29.3,LOW
UTB-LEC-060,BSc Computer Engineering,PART_TIME,17,Embedded Systems & IoT,"Data Analysis with Python, Research Methodology",2,2026-T2,3,6.9,2,118,1.5,1,0.0,2,2.1,3,3,4,2,20.9,43.7,MODERATE
UTB-LEC-060,BSc Computer Engineering,PART_TIME,17,Embedded Systems & IoT,"Data Analysis with Python, Research Methodology",2,2026-T2,4,7.6,2,118,1.5,0,0.0,1,0.1,0,0,5,2,20.6,44.4,MODERATE
UTB-LEC-060,BSc Computer Engineering,PART_TIME,17,Embedded Systems & IoT,"Data Analysis with Python, Research Methodology",2,2026-T2,5,7.5,2,118,2.0,1,0.0,0,9.3,3,4,8,2,28.5,64.5,HIGH
UTB-LEC-060,BSc Computer Engineering,PART_TIME,17,Embedded Systems & IoT,"Data Analysis with Python, Research Methodology",2,2026-T2,6,7.4,2,118,1.5,0,0.0,2,8.4,11,11,6,1,29.8,79.4,CRITICAL
UTB-LEC-060,BSc Computer Engineering,PART_TIME,17,Embedded Systems & IoT,"Data Analysis with Python, Research Methodology",2,2026-T2,7,8.5,2,118,1.5,0,0.0,1,3.9,1,4,6,2,23.9,50.4,MODERATE
UTB-LEC-060,BSc Computer Engineering,PART_TIME,17,Embedded Systems & IoT,"Data Analysis with Python, Research Methodology",2,2026-T2,8,7.0,2,118,2.0,2,0.0,0,1.7,1,1,4,2,20.8,43.4,MODERATE
UTB-LEC-060,BSc Computer Engineering,PART_TIME,17,Embedded Systems & IoT,"Data Analysis with Python, Research Methodology",2,2026-T2,9,7.2,2,118,2.0,3,0.0,2,0.5,1,0,2,3,24.2,34.2,LOW
UTB-LEC-060,BSc Computer Engineering,PART_TIME,17,Embedded Systems & IoT,"Data Analysis with Python, Research Methodology",2,2026-T2,10,6.9,2,118,2.0,0,0.0,2,7.7,6,11,10,3,29.2,81.6,CRITICAL
UTB-LEC-060,BSc Computer Engineering,PART_TIME,17,Embedded Systems & IoT,"Data Analysis with Python, Research Methodology",2,2026-T2,11,7.2,2,118,2.0,1,0.0,0,6.9,5,9,8,3,25.4,67.5,HIGH
